Timestamp,D1,M1,M2,M3,Y,Frequency
2022-01-01,4.965670031278149,,,,,D
2022-01-02,5.342753191732532,,,,,D
2022-01-03,5.546162983610214,,,,,D
2022-01-04,4.966437149574084,,,,,D
2022-01-05,5.492344905553908,,,,,D
2022-01-06,7.476380570956909,,,,,D
2022-01-07,7.218101157412528,,,,,D
2022-01-08,5.198474850254891,,,,,D
2022-01-09,6.76433609981145,,,,,D
2022-01-10,5.298009481310343,,,,,D
2022-01-11,5.2102377280914896,,,,,D
2022-01-12,5.939381595745804,,,,,D
2022-01-13,5.382643216949661,,,,,D
2022-01-14,6.41129091019185,,,,,D
2022-01-15,5.575872706258308,,,,,D
2022-01-16,4.665277588528037,,,,,D
2022-01-17,4.730759586603448,,,,,D
2022-01-18,4.6479901761170135,,,,,D
2022-01-19,6.52236477869446,,,,,D
2022-01-20,5.755429089043191,,,,,D
2022-01-21,4.207774857097778,,,,,D
2022-01-22,4.8682685512419335,,,,,D
2022-01-23,5.246419387556864,,,,,D
2022-01-24,5.140698308239132,,,,,D
2022-01-25,3.796414586812503,,,,,D
2022-01-26,5.927316781765367,,,,,D
2022-01-27,4.657709193127923,,,,,D
2022-01-28,3.549655756195625,,,,,D
2022-01-29,5.07824175553815,,,,,D
2022-01-30,4.601098027445372,,,,,D
2022-01-31,4.554963148477214,48.91133627923777,52.71089578844383,49.85271081782359,,ME
2022-02-01,2.8458751892785994,48.91133627923777,52.71089578844383,49.85271081782359,,D
2022-02-02,5.46439919424462,48.91133627923777,52.71089578844383,49.85271081782359,,D
2022-02-03,5.078527812251639,48.91133627923777,52.71089578844383,49.85271081782359,,D
2022-02-04,3.632820005159712,48.91133627923777,52.71089578844383,49.85271081782359,,D
2022-02-05,5.312250607132835,48.91133627923777,52.71089578844383,49.85271081782359,,D
2022-02-06,3.5028647436529097,48.91133627923777,52.71089578844383,49.85271081782359,,D
2022-02-07,4.971815052036469,48.91133627923777,52.71089578844383,49.85271081782359,,D
2022-02-08,3.0298628587155343,48.91133627923777,52.71089578844383,49.85271081782359,,D
2022-02-09,5.036879815871692,48.91133627923777,52.71089578844383,49.85271081782359,,D
2022-02-10,5.242304574197704,48.91133627923777,52.71089578844383,49.85271081782359,,D
2022-02-11,4.539269550907531,48.91133627923777,52.71089578844383,49.85271081782359,,D
2022-02-12,6.207896353043935,48.91133627923777,52.71089578844383,49.85271081782359,,D
2022-02-13,4.932187137633131,48.91133627923777,52.71089578844383,49.85271081782359,,D
2022-02-14,5.540916358282803,48.91133627923777,52.71089578844383,49.85271081782359,,D
2022-02-15,6.682341328245725,48.91133627923777,52.71089578844383,49.85271081782359,,D
2022-02-16,5.954927356423538,48.91133627923777,52.71089578844383,49.85271081782359,,D
2022-02-17,4.677962999898584,48.91133627923777,52.71089578844383,49.85271081782359,,D
2022-02-18,4.510077430799108,48.91133627923777,52.71089578844383,49.85271081782359,,D
2022-02-19,4.797075409730983,48.91133627923777,52.71089578844383,49.85271081782359,,D
2022-02-20,4.046541442650933,48.91133627923777,52.71089578844383,49.85271081782359,,D
2022-02-21,5.33400016376425,48.91133627923777,52.71089578844383,49.85271081782359,,D
2022-02-22,4.427842237179523,48.91133627923777,52.71089578844383,49.85271081782359,,D
2022-02-23,4.936503727514841,48.91133627923777,52.71089578844383,49.85271081782359,,D
2022-02-24,4.301698444107911,48.91133627923777,52.71089578844383,49.85271081782359,,D
2022-02-25,5.342793221087222,48.91133627923777,52.71089578844383,49.85271081782359,,D
2022-02-26,4.062250042096061,48.91133627923777,52.71089578844383,49.85271081782359,,D
2022-02-27,4.91622544463128,48.91133627923777,52.71089578844383,49.85271081782359,,D
2022-02-28,4.790286931452456,65.32961528136154,67.6053201363781,57.32902807705841,,ME
2022-03-01,6.222925794196166,65.32961528136154,67.6053201363781,57.32902807705841,,D
2022-03-02,3.4640510843232013,65.32961528136154,67.6053201363781,57.32902807705841,,D
2022-03-03,4.9876901416397255,65.32961528136154,67.6053201363781,57.32902807705841,,D
2022-03-04,3.6951425686055295,65.32961528136154,67.6053201363781,57.32902807705841,,D
2022-03-05,2.777550858472752,65.32961528136154,67.6053201363781,57.32902807705841,,D
2022-03-06,3.8432644323227754,65.32961528136154,67.6053201363781,57.32902807705841,,D
2022-03-07,4.101766497079458,65.32961528136154,67.6053201363781,57.32902807705841,,D
2022-03-08,6.0908583030523245,65.32961528136154,67.6053201363781,57.32902807705841,,D
2022-03-09,5.329654180482679,65.32961528136154,67.6053201363781,57.32902807705841,,D
2022-03-10,5.1112546142924895,65.32961528136154,67.6053201363781,57.32902807705841,,D
2022-03-11,5.29261648457651,65.32961528136154,67.6053201363781,57.32902807705841,,D
2022-03-12,4.827171315151207,65.32961528136154,67.6053201363781,57.32902807705841,,D
2022-03-13,5.443345782160775,65.32961528136154,67.6053201363781,57.32902807705841,,D
2022-03-14,5.932999123775283,65.32961528136154,67.6053201363781,57.32902807705841,,D
2022-03-15,6.723819722081195,65.32961528136154,67.6053201363781,57.32902807705841,,D
2022-03-16,3.946862312122379,65.32961528136154,67.6053201363781,57.32902807705841,,D
2022-03-17,4.10813766672372,65.32961528136154,67.6053201363781,57.32902807705841,,D
2022-03-18,3.324281062426725,65.32961528136154,67.6053201363781,57.32902807705841,,D
2022-03-19,4.257050922737342,65.32961528136154,67.6053201363781,57.32902807705841,,D
2022-03-20,5.555236976058862,65.32961528136154,67.6053201363781,57.32902807705841,,D
2022-03-21,4.645004346199407,65.32961528136154,67.6053201363781,57.32902807705841,,D
2022-03-22,6.231337121362103,65.32961528136154,67.6053201363781,57.32902807705841,,D
2022-03-23,3.8437321992477855,65.32961528136154,67.6053201363781,57.32902807705841,,D
2022-03-24,5.856525691160355,65.32961528136154,67.6053201363781,57.32902807705841,,D
2022-03-25,6.65231242350999,65.32961528136154,67.6053201363781,57.32902807705841,,D
2022-03-26,3.568176161223114,65.32961528136154,67.6053201363781,57.32902807705841,,D
2022-03-27,5.877330869860223,65.32961528136154,67.6053201363781,57.32902807705841,,D
2022-03-28,4.768765644558791,65.32961528136154,67.6053201363781,57.32902807705841,,D
2022-03-29,3.853320969314359,65.32961528136154,67.6053201363781,57.32902807705841,,D
2022-03-30,4.565606746596208,65.32961528136154,67.6053201363781,57.32902807705841,,D
2022-03-31,4.608826538812096,65.69607815343876,51.1206757494146,48.766037897000935,165.38066462084123,ME
2022-04-01,4.622920291967686,65.69607815343876,51.1206757494146,48.766037897000935,165.38066462084123,D
2022-04-02,5.54341648742971,65.69607815343876,51.1206757494146,48.766037897000935,165.38066462084123,D
2022-04-03,5.531006441135011,65.69607815343876,51.1206757494146,48.766037897000935,165.38066462084123,D
2022-04-04,6.886759216410543,65.69607815343876,51.1206757494146,48.766037897000935,165.38066462084123,D
2022-04-05,6.131067912399131,65.69607815343876,51.1206757494146,48.766037897000935,165.38066462084123,D
2022-04-06,5.438851920341142,65.69607815343876,51.1206757494146,48.766037897000935,165.38066462084123,D
2022-04-07,3.463382203704225,65.69607815343876,51.1206757494146,48.766037897000935,165.38066462084123,D
2022-04-08,4.709012761952041,65.69607815343876,51.1206757494146,48.766037897000935,165.38066462084123,D
2022-04-09,4.438788348338825,65.69607815343876,51.1206757494146,48.766037897000935,165.38066462084123,D
2022-04-10,5.1885184395599975,65.69607815343876,51.1206757494146,48.766037897000935,165.38066462084123,D
2022-04-11,5.347805471901513,65.69607815343876,51.1206757494146,48.766037897000935,165.38066462084123,D
2022-04-12,4.113709754312528,65.69607815343876,51.1206757494146,48.766037897000935,165.38066462084123,D
2022-04-13,3.751938577634093,65.69607815343876,51.1206757494146,48.766037897000935,165.38066462084123,D
2022-04-14,6.030773717824164,65.69607815343876,51.1206757494146,48.766037897000935,165.38066462084123,D
2022-04-15,4.889355122639152,65.69607815343876,51.1206757494146,48.766037897000935,165.38066462084123,D
2022-04-16,4.007126615513477,65.69607815343876,51.1206757494146,48.766037897000935,165.38066462084123,D
2022-04-17,5.022497822244241,65.69607815343876,51.1206757494146,48.766037897000935,165.38066462084123,D
2022-04-18,5.87171721437778,65.69607815343876,51.1206757494146,48.766037897000935,165.38066462084123,D
2022-04-19,3.4363949240385314,65.69607815343876,51.1206757494146,48.766037897000935,165.38066462084123,D
2022-04-20,4.006349766430765,65.69607815343876,51.1206757494146,48.766037897000935,165.38066462084123,D
2022-04-21,4.064988850892569,65.69607815343876,51.1206757494146,48.766037897000935,165.38066462084123,D
2022-04-22,4.5685392358540176,65.69607815343876,51.1206757494146,48.766037897000935,165.38066462084123,D
2022-04-23,4.284862298023129,65.69607815343876,51.1206757494146,48.766037897000935,165.38066462084123,D
2022-04-24,5.86831097688201,65.69607815343876,51.1206757494146,48.766037897000935,165.38066462084123,D
2022-04-25,7.131440801277818,65.69607815343876,51.1206757494146,48.766037897000935,165.38066462084123,D
2022-04-26,5.492314120220289,65.69607815343876,51.1206757494146,48.766037897000935,165.38066462084123,D
2022-04-27,6.4770469097557,65.69607815343876,51.1206757494146,48.766037897000935,165.38066462084123,D
2022-04-28,4.914404877729168,65.69607815343876,51.1206757494146,48.766037897000935,165.38066462084123,D
2022-04-29,3.860262214848428,65.69607815343876,51.1206757494146,48.766037897000935,165.38066462084123,D
2022-04-30,3.920841924170303,44.38696893911303,56.25430027736199,49.20903130405029,165.38066462084123,ME
2022-05-01,4.866231731560711,44.38696893911303,56.25430027736199,49.20903130405029,165.38066462084123,D
2022-05-02,5.239931752654688,44.38696893911303,56.25430027736199,49.20903130405029,165.38066462084123,D
2022-05-03,4.734072707668298,44.38696893911303,56.25430027736199,49.20903130405029,165.38066462084123,D
2022-05-04,4.9026065649489565,44.38696893911303,56.25430027736199,49.20903130405029,165.38066462084123,D
2022-05-05,3.955717611487019,44.38696893911303,56.25430027736199,49.20903130405029,165.38066462084123,D
2022-05-06,3.891252990635538,44.38696893911303,56.25430027736199,49.20903130405029,165.38066462084123,D
2022-05-07,5.553855771602402,44.38696893911303,56.25430027736199,49.20903130405029,165.38066462084123,D
2022-05-08,5.748648765183687,44.38696893911303,56.25430027736199,49.20903130405029,165.38066462084123,D
2022-05-09,3.104331268585348,44.38696893911303,56.25430027736199,49.20903130405029,165.38066462084123,D
2022-05-10,4.765106608282854,44.38696893911303,56.25430027736199,49.20903130405029,165.38066462084123,D
2022-05-11,6.8445222154855365,44.38696893911303,56.25430027736199,49.20903130405029,165.38066462084123,D
2022-05-12,5.087871733933851,44.38696893911303,56.25430027736199,49.20903130405029,165.38066462084123,D
2022-05-13,4.504991861684109,44.38696893911303,56.25430027736199,49.20903130405029,165.38066462084123,D
2022-05-14,4.105936706697214,44.38696893911303,56.25430027736199,49.20903130405029,165.38066462084123,D
2022-05-15,3.2141813634122878,44.38696893911303,56.25430027736199,49.20903130405029,165.38066462084123,D
2022-05-16,5.070897849916187,44.38696893911303,56.25430027736199,49.20903130405029,165.38066462084123,D
2022-05-17,3.8126297953744936,44.38696893911303,56.25430027736199,49.20903130405029,165.38066462084123,D
2022-05-18,5.422016013078478,44.38696893911303,56.25430027736199,49.20903130405029,165.38066462084123,D
2022-05-19,5.555841256118491,44.38696893911303,56.25430027736199,49.20903130405029,165.38066462084123,D
2022-05-20,3.854872690101532,44.38696893911303,56.25430027736199,49.20903130405029,165.38066462084123,D
2022-05-21,5.638964839730096,44.38696893911303,56.25430027736199,49.20903130405029,165.38066462084123,D
2022-05-22,4.208605882160982,44.38696893911303,56.25430027736199,49.20903130405029,165.38066462084123,D
2022-05-23,4.937915845346677,44.38696893911303,56.25430027736199,49.20903130405029,165.38066462084123,D
2022-05-24,5.622740320868204,44.38696893911303,56.25430027736199,49.20903130405029,165.38066462084123,D
2022-05-25,4.396691484693025,44.38696893911303,56.25430027736199,49.20903130405029,165.38066462084123,D
2022-05-26,6.252465908964151,44.38696893911303,56.25430027736199,49.20903130405029,165.38066462084123,D
2022-05-27,4.301213271865958,44.38696893911303,56.25430027736199,49.20903130405029,165.38066462084123,D
2022-05-28,4.710791794855837,44.38696893911303,56.25430027736199,49.20903130405029,165.38066462084123,D
2022-05-29,5.623088148246278,44.38696893911303,56.25430027736199,49.20903130405029,165.38066462084123,D
2022-05-30,5.649874669395421,44.38696893911303,56.25430027736199,49.20903130405029,165.38066462084123,D
2022-05-31,6.943424940948418,67.90415016744453,42.53791859224862,52.61369707279667,165.38066462084123,ME
2022-06-01,6.86103569028579,67.90415016744453,42.53791859224862,52.61369707279667,165.38066462084123,D
2022-06-02,4.428150746864759,67.90415016744453,42.53791859224862,52.61369707279667,165.38066462084123,D
2022-06-03,4.10479708440559,67.90415016744453,42.53791859224862,52.61369707279667,165.38066462084123,D
2022-06-04,4.494609372884444,67.90415016744453,42.53791859224862,52.61369707279667,165.38066462084123,D
2022-06-05,6.024054944829112,67.90415016744453,42.53791859224862,52.61369707279667,165.38066462084123,D
2022-06-06,5.057631661209011,67.90415016744453,42.53791859224862,52.61369707279667,165.38066462084123,D
2022-06-07,4.355773014421644,67.90415016744453,42.53791859224862,52.61369707279667,165.38066462084123,D
2022-06-08,4.330595849795528,67.90415016744453,42.53791859224862,52.61369707279667,165.38066462084123,D
2022-06-09,3.5404797220689885,67.90415016744453,42.53791859224862,52.61369707279667,165.38066462084123,D
2022-06-10,3.9714136756720055,67.90415016744453,42.53791859224862,52.61369707279667,165.38066462084123,D
2022-06-11,5.8637607985444165,67.90415016744453,42.53791859224862,52.61369707279667,165.38066462084123,D
2022-06-12,3.880949982437646,67.90415016744453,42.53791859224862,52.61369707279667,165.38066462084123,D
2022-06-13,5.2253332718752645,67.90415016744453,42.53791859224862,52.61369707279667,165.38066462084123,D
2022-06-14,4.868432080145021,67.90415016744453,42.53791859224862,52.61369707279667,165.38066462084123,D
2022-06-15,5.548030486181481,67.90415016744453,42.53791859224862,52.61369707279667,165.38066462084123,D
2022-06-16,4.622490275959048,67.90415016744453,42.53791859224862,52.61369707279667,165.38066462084123,D
2022-06-17,5.4815591700444015,67.90415016744453,42.53791859224862,52.61369707279667,165.38066462084123,D
2022-06-18,6.002624802784248,67.90415016744453,42.53791859224862,52.61369707279667,165.38066462084123,D
2022-06-19,6.440853438849078,67.90415016744453,42.53791859224862,52.61369707279667,165.38066462084123,D
2022-06-20,7.707211614144805,67.90415016744453,42.53791859224862,52.61369707279667,165.38066462084123,D
2022-06-21,5.418785010512468,67.90415016744453,42.53791859224862,52.61369707279667,165.38066462084123,D
2022-06-22,4.95610216992446,67.90415016744453,42.53791859224862,52.61369707279667,165.38066462084123,D
2022-06-23,4.204549659984955,67.90415016744453,42.53791859224862,52.61369707279667,165.38066462084123,D
2022-06-24,4.640531402368768,67.90415016744453,42.53791859224862,52.61369707279667,165.38066462084123,D
2022-06-25,4.911342844356666,67.90415016744453,42.53791859224862,52.61369707279667,165.38066462084123,D
2022-06-26,4.147123543332733,67.90415016744453,42.53791859224862,52.61369707279667,165.38066462084123,D
2022-06-27,4.192180801396741,67.90415016744453,42.53791859224862,52.61369707279667,165.38066462084123,D
2022-06-28,5.366643966224418,67.90415016744453,42.53791859224862,52.61369707279667,165.38066462084123,D
2022-06-29,4.053658622604156,67.90415016744453,42.53791859224862,52.61369707279667,165.38066462084123,D
2022-06-30,5.369283171449772,66.91150309671804,42.16325508432296,55.22054862672979,202.15910012561756,ME
2022-07-01,5.547840270756579,66.91150309671804,42.16325508432296,55.22054862672979,202.15910012561756,D
2022-07-02,2.961322481524621,66.91150309671804,42.16325508432296,55.22054862672979,202.15910012561756,D
2022-07-03,5.660773586205227,66.91150309671804,42.16325508432296,55.22054862672979,202.15910012561756,D
2022-07-04,5.145346354629918,66.91150309671804,42.16325508432296,55.22054862672979,202.15910012561756,D
2022-07-05,6.698987051328226,66.91150309671804,42.16325508432296,55.22054862672979,202.15910012561756,D
2022-07-06,4.486842124565842,66.91150309671804,42.16325508432296,55.22054862672979,202.15910012561756,D
2022-07-07,4.612248620734826,66.91150309671804,42.16325508432296,55.22054862672979,202.15910012561756,D
2022-07-08,3.910997038146677,66.91150309671804,42.16325508432296,55.22054862672979,202.15910012561756,D
2022-07-09,5.75006116352638,66.91150309671804,42.16325508432296,55.22054862672979,202.15910012561756,D
2022-07-10,5.2547962402626025,66.91150309671804,42.16325508432296,55.22054862672979,202.15910012561756,D
2022-07-11,4.846514104277412,66.91150309671804,42.16325508432296,55.22054862672979,202.15910012561756,D
2022-07-12,4.20243660642904,66.91150309671804,42.16325508432296,55.22054862672979,202.15910012561756,D
2022-07-13,4.909581614427434,66.91150309671804,42.16325508432296,55.22054862672979,202.15910012561756,D
2022-07-14,5.191285270128669,66.91150309671804,42.16325508432296,55.22054862672979,202.15910012561756,D
2022-07-15,5.646811398433451,66.91150309671804,42.16325508432296,55.22054862672979,202.15910012561756,D
2022-07-16,5.52200886154648,66.91150309671804,42.16325508432296,55.22054862672979,202.15910012561756,D
2022-07-17,6.567668894738088,66.91150309671804,42.16325508432296,55.22054862672979,202.15910012561756,D
2022-07-18,3.2711474244284195,66.91150309671804,42.16325508432296,55.22054862672979,202.15910012561756,D
2022-07-19,3.50559811013083,66.91150309671804,42.16325508432296,55.22054862672979,202.15910012561756,D
2022-07-20,6.303657486944666,66.91150309671804,42.16325508432296,55.22054862672979,202.15910012561756,D
2022-07-21,3.9509851117011,66.91150309671804,42.16325508432296,55.22054862672979,202.15910012561756,D
2022-07-22,4.943885375908937,66.91150309671804,42.16325508432296,55.22054862672979,202.15910012561756,D
2022-07-23,5.488086385725681,66.91150309671804,42.16325508432296,55.22054862672979,202.15910012561756,D
2022-07-24,6.93400452453524,66.91150309671804,42.16325508432296,55.22054862672979,202.15910012561756,D
2022-07-25,4.38220809026644,66.91150309671804,42.16325508432296,55.22054862672979,202.15910012561756,D
2022-07-26,3.830789035591838,66.91150309671804,42.16325508432296,55.22054862672979,202.15910012561756,D
2022-07-27,6.766336517353391,66.91150309671804,42.16325508432296,55.22054862672979,202.15910012561756,D
2022-07-28,4.349271617381442,66.91150309671804,42.16325508432296,55.22054862672979,202.15910012561756,D
2022-07-29,4.907683542942086,66.91150309671804,42.16325508432296,55.22054862672979,202.15910012561756,D
2022-07-30,4.556174545507129,66.91150309671804,42.16325508432296,55.22054862672979,202.15910012561756,D
2022-07-31,4.638099924818972,39.046840860285954,40.0273905653183,35.61000367941108,202.15910012561756,ME
2022-08-01,5.134254776733369,39.046840860285954,40.0273905653183,35.61000367941108,202.15910012561756,D
2022-08-02,4.998952979237758,39.046840860285954,40.0273905653183,35.61000367941108,202.15910012561756,D
2022-08-03,3.658110409812138,39.046840860285954,40.0273905653183,35.61000367941108,202.15910012561756,D
2022-08-04,5.463082107086674,39.046840860285954,40.0273905653183,35.61000367941108,202.15910012561756,D
2022-08-05,5.817754481716327,39.046840860285954,40.0273905653183,35.61000367941108,202.15910012561756,D
2022-08-06,3.6485456240303744,39.046840860285954,40.0273905653183,35.61000367941108,202.15910012561756,D
2022-08-07,3.904052609597419,39.046840860285954,40.0273905653183,35.61000367941108,202.15910012561756,D
2022-08-08,5.672043467508371,39.046840860285954,40.0273905653183,35.61000367941108,202.15910012561756,D
2022-08-09,5.314526743168496,39.046840860285954,40.0273905653183,35.61000367941108,202.15910012561756,D
2022-08-10,3.0676812117264505,39.046840860285954,40.0273905653183,35.61000367941108,202.15910012561756,D
2022-08-11,3.932028250409066,39.046840860285954,40.0273905653183,35.61000367941108,202.15910012561756,D
2022-08-12,4.146787181507614,39.046840860285954,40.0273905653183,35.61000367941108,202.15910012561756,D
2022-08-13,4.04565223759394,39.046840860285954,40.0273905653183,35.61000367941108,202.15910012561756,D
2022-08-14,6.68279143681399,39.046840860285954,40.0273905653183,35.61000367941108,202.15910012561756,D
2022-08-15,5.262752177801051,39.046840860285954,40.0273905653183,35.61000367941108,202.15910012561756,D
2022-08-16,5.6766943137259736,39.046840860285954,40.0273905653183,35.61000367941108,202.15910012561756,D
2022-08-17,5.437071641656754,39.046840860285954,40.0273905653183,35.61000367941108,202.15910012561756,D
2022-08-18,4.696593607031559,39.046840860285954,40.0273905653183,35.61000367941108,202.15910012561756,D
2022-08-19,4.315216499879378,39.046840860285954,40.0273905653183,35.61000367941108,202.15910012561756,D
2022-08-20,6.473574774827887,39.046840860285954,40.0273905653183,35.61000367941108,202.15910012561756,D
2022-08-21,3.696350657868743,39.046840860285954,40.0273905653183,35.61000367941108,202.15910012561756,D
2022-08-22,5.0492233699703375,39.046840860285954,40.0273905653183,35.61000367941108,202.15910012561756,D
2022-08-23,5.628297347033692,39.046840860285954,40.0273905653183,35.61000367941108,202.15910012561756,D
2022-08-24,5.371073396624262,39.046840860285954,40.0273905653183,35.61000367941108,202.15910012561756,D
2022-08-25,4.548761455098792,39.046840860285954,40.0273905653183,35.61000367941108,202.15910012561756,D
2022-08-26,6.3143391291258615,39.046840860285954,40.0273905653183,35.61000367941108,202.15910012561756,D
2022-08-27,6.499184181176533,39.046840860285954,40.0273905653183,35.61000367941108,202.15910012561756,D
2022-08-28,4.0425921805085805,39.046840860285954,40.0273905653183,35.61000367941108,202.15910012561756,D
2022-08-29,5.415085609518458,39.046840860285954,40.0273905653183,35.61000367941108,202.15910012561756,D
2022-08-30,5.2157743237011065,39.046840860285954,40.0273905653183,35.61000367941108,202.15910012561756,D
2022-08-31,5.949439739009064,44.15604901117155,42.02832894572504,53.084670586710445,202.15910012561756,D
2022-09-01,5.011445136053421,44.15604901117155,42.02832894572504,53.084670586710445,202.15910012561756,D
2022-09-02,4.49815007040942,44.15604901117155,42.02832894572504,53.084670586710445,202.15910012561756,D
2022-09-03,4.586558596795364,44.15604901117155,42.02832894572504,53.084670586710445,202.15910012561756,D
2022-09-04,5.463442416612775,44.15604901117155,42.02832894572504,53.084670586710445,202.15910012561756,D
2022-09-05,4.6591752074467205,44.15604901117155,42.02832894572504,53.084670586710445,202.15910012561756,D
2022-09-06,3.864612131392868,44.15604901117155,42.02832894572504,53.084670586710445,202.15910012561756,D
2022-09-07,5.669824879434737,44.15604901117155,42.02832894572504,53.084670586710445,202.15910012561756,D
2022-09-08,6.230960695087627,44.15604901117155,42.02832894572504,53.084670586710445,202.15910012561756,D
2022-09-09,5.4253164683814745,44.15604901117155,42.02832894572504,53.084670586710445,202.15910012561756,D
2022-09-10,5.403211985267928,44.15604901117155,42.02832894572504,53.084670586710445,202.15910012561756,D
2022-09-11,5.298327342111127,44.15604901117155,42.02832894572504,53.084670586710445,202.15910012561756,D
2022-09-12,5.2186718214349135,44.15604901117155,42.02832894572504,53.084670586710445,202.15910012561756,D
2022-09-13,5.933594470600323,44.15604901117155,42.02832894572504,53.084670586710445,202.15910012561756,D
2022-09-14,3.9971352462281846,44.15604901117155,42.02832894572504,53.084670586710445,202.15910012561756,D
2022-09-15,3.660211388802276,44.15604901117155,42.02832894572504,53.084670586710445,202.15910012561756,D
2022-09-16,3.095822596988648,44.15604901117155,42.02832894572504,53.084670586710445,202.15910012561756,D
2022-09-17,3.97241918178221,44.15604901117155,42.02832894572504,53.084670586710445,202.15910012561756,D
2022-09-18,5.545986217277455,44.15604901117155,42.02832894572504,53.084670586710445,202.15910012561756,D
2022-09-19,5.15547527650211,44.15604901117155,42.02832894572504,53.084670586710445,202.15910012561756,D
2022-09-20,6.678211678885004,44.15604901117155,42.02832894572504,53.084670586710445,202.15910012561756,D
2022-09-21,4.715681666227725,44.15604901117155,42.02832894572504,53.084670586710445,202.15910012561756,D
2022-09-22,5.914956580878548,44.15604901117155,42.02832894572504,53.084670586710445,202.15910012561756,D
2022-09-23,4.489374856053676,44.15604901117155,42.02832894572504,53.084670586710445,202.15910012561756,D
2022-09-24,3.67446921924712,44.15604901117155,42.02832894572504,53.084670586710445,202.15910012561756,D
2022-09-25,4.620552025310756,44.15604901117155,42.02832894572504,53.084670586710445,202.15910012561756,D
2022-09-26,4.218924036170109,44.15604901117155,42.02832894572504,53.084670586710445,202.15910012561756,D
2022-09-27,5.389987109451509,44.15604901117155,42.02832894572504,53.084670586710445,202.15910012561756,D
2022-09-28,3.485803281268227,44.15604901117155,42.02832894572504,53.084670586710445,202.15910012561756,D
2022-09-29,4.684184709120313,44.15604901117155,42.02832894572504,53.084670586710445,202.15910012561756,D
2022-09-30,4.397938466152085,38.55431456825052,48.72411419290898,58.48243002539167,156.88063221542052,ME
2022-10-01,5.047098974312231,38.55431456825052,48.72411419290898,58.48243002539167,156.88063221542052,D
2022-10-02,4.299186872905933,38.55431456825052,48.72411419290898,58.48243002539167,156.88063221542052,D
2022-10-03,4.628218869542944,38.55431456825052,48.72411419290898,58.48243002539167,156.88063221542052,D
2022-10-04,5.110727015336444,38.55431456825052,48.72411419290898,58.48243002539167,156.88063221542052,D
2022-10-05,4.117162426842877,38.55431456825052,48.72411419290898,58.48243002539167,156.88063221542052,D
2022-10-06,5.173345910261177,38.55431456825052,48.72411419290898,58.48243002539167,156.88063221542052,D
2022-10-07,5.636029481795169,38.55431456825052,48.72411419290898,58.48243002539167,156.88063221542052,D
2022-10-08,4.776486599034488,38.55431456825052,48.72411419290898,58.48243002539167,156.88063221542052,D
2022-10-09,3.9177296202070666,38.55431456825052,48.72411419290898,58.48243002539167,156.88063221542052,D
2022-10-10,4.969167465666537,38.55431456825052,48.72411419290898,58.48243002539167,156.88063221542052,D
2022-10-11,5.328870162526218,38.55431456825052,48.72411419290898,58.48243002539167,156.88063221542052,D
2022-10-12,4.430311478815248,38.55431456825052,48.72411419290898,58.48243002539167,156.88063221542052,D
2022-10-13,4.992820551737797,38.55431456825052,48.72411419290898,58.48243002539167,156.88063221542052,D
2022-10-14,4.791024544284892,38.55431456825052,48.72411419290898,58.48243002539167,156.88063221542052,D
2022-10-15,3.782554063923741,38.55431456825052,48.72411419290898,58.48243002539167,156.88063221542052,D
2022-10-16,5.292813100767831,38.55431456825052,48.72411419290898,58.48243002539167,156.88063221542052,D
2022-10-17,4.487543216340667,38.55431456825052,48.72411419290898,58.48243002539167,156.88063221542052,D
2022-10-18,5.680036700995386,38.55431456825052,48.72411419290898,58.48243002539167,156.88063221542052,D
2022-10-19,4.784777366462244,38.55431456825052,48.72411419290898,58.48243002539167,156.88063221542052,D
2022-10-20,5.1540012554402574,38.55431456825052,48.72411419290898,58.48243002539167,156.88063221542052,D
2022-10-21,5.64663186097453,38.55431456825052,48.72411419290898,58.48243002539167,156.88063221542052,D
2022-10-22,6.5196300961968365,38.55431456825052,48.72411419290898,58.48243002539167,156.88063221542052,D
2022-10-23,3.7572122301585846,38.55431456825052,48.72411419290898,58.48243002539167,156.88063221542052,D
2022-10-24,2.74934976120787,38.55431456825052,48.72411419290898,58.48243002539167,156.88063221542052,D
2022-10-25,4.934705960967608,38.55431456825052,48.72411419290898,58.48243002539167,156.88063221542052,D
2022-10-26,4.066008853256852,38.55431456825052,48.72411419290898,58.48243002539167,156.88063221542052,D
2022-10-27,6.185875777606237,38.55431456825052,48.72411419290898,58.48243002539167,156.88063221542052,D
2022-10-28,2.7974624736132365,38.55431456825052,48.72411419290898,58.48243002539167,156.88063221542052,D
2022-10-29,4.923922313444827,38.55431456825052,48.72411419290898,58.48243002539167,156.88063221542052,D
2022-10-30,5.734263234748234,38.55431456825052,48.72411419290898,58.48243002539167,156.88063221542052,D
2022-10-31,5.125197960522023,45.135194752454645,60.57395728659685,42.9748245831512,156.88063221542052,ME
2022-11-01,4.237506247176957,45.135194752454645,60.57395728659685,42.9748245831512,156.88063221542052,D
2022-11-02,4.642122938091105,45.135194752454645,60.57395728659685,42.9748245831512,156.88063221542052,D
2022-11-03,5.9230456242746765,45.135194752454645,60.57395728659685,42.9748245831512,156.88063221542052,D
2022-11-04,3.3516388217059547,45.135194752454645,60.57395728659685,42.9748245831512,156.88063221542052,D
2022-11-05,3.225941998892811,45.135194752454645,60.57395728659685,42.9748245831512,156.88063221542052,D
2022-11-06,4.726797565810676,45.135194752454645,60.57395728659685,42.9748245831512,156.88063221542052,D
2022-11-07,6.217574435541147,45.135194752454645,60.57395728659685,42.9748245831512,156.88063221542052,D
2022-11-08,5.229652802250548,45.135194752454645,60.57395728659685,42.9748245831512,156.88063221542052,D
2022-11-09,6.6398675149817095,45.135194752454645,60.57395728659685,42.9748245831512,156.88063221542052,D
2022-11-10,3.3758016460518463,45.135194752454645,60.57395728659685,42.9748245831512,156.88063221542052,D
2022-11-11,3.9668806456983896,45.135194752454645,60.57395728659685,42.9748245831512,156.88063221542052,D
2022-11-12,5.752759000337418,45.135194752454645,60.57395728659685,42.9748245831512,156.88063221542052,D
2022-11-13,4.649961982405093,45.135194752454645,60.57395728659685,42.9748245831512,156.88063221542052,D
2022-11-14,5.760443646636568,45.135194752454645,60.57395728659685,42.9748245831512,156.88063221542052,D
2022-11-15,4.835877751103162,45.135194752454645,60.57395728659685,42.9748245831512,156.88063221542052,D
2022-11-16,4.522321187429567,45.135194752454645,60.57395728659685,42.9748245831512,156.88063221542052,D
2022-11-17,2.626453188585224,45.135194752454645,60.57395728659685,42.9748245831512,156.88063221542052,D
2022-11-18,3.898699677166732,45.135194752454645,60.57395728659685,42.9748245831512,156.88063221542052,D
2022-11-19,7.07686121881685,45.135194752454645,60.57395728659685,42.9748245831512,156.88063221542052,D
2022-11-20,5.068740756172164,45.135194752454645,60.57395728659685,42.9748245831512,156.88063221542052,D
2022-11-21,4.6304444489007714,45.135194752454645,60.57395728659685,42.9748245831512,156.88063221542052,D
2022-11-22,3.35452513762357,45.135194752454645,60.57395728659685,42.9748245831512,156.88063221542052,D
2022-11-23,5.662638418672952,45.135194752454645,60.57395728659685,42.9748245831512,156.88063221542052,D
2022-11-24,4.510275340036716,45.135194752454645,60.57395728659685,42.9748245831512,156.88063221542052,D
2022-11-25,3.971668485647068,45.135194752454645,60.57395728659685,42.9748245831512,156.88063221542052,D
2022-11-26,6.752376752604837,45.135194752454645,60.57395728659685,42.9748245831512,156.88063221542052,D
2022-11-27,5.034057314639607,45.135194752454645,60.57395728659685,42.9748245831512,156.88063221542052,D
2022-11-28,5.491473947142596,45.135194752454645,60.57395728659685,42.9748245831512,156.88063221542052,D
2022-11-29,4.940940973659457,45.135194752454645,60.57395728659685,42.9748245831512,156.88063221542052,D
2022-11-30,5.6492378447957705,44.618139434997005,40.85995193566286,45.49795388798216,156.88063221542052,D
2022-12-01,4.382451275596386,44.618139434997005,40.85995193566286,45.49795388798216,156.88063221542052,D
2022-12-02,5.015574531903084,44.618139434997005,40.85995193566286,45.49795388798216,156.88063221542052,D
2022-12-03,4.644019556899072,44.618139434997005,40.85995193566286,45.49795388798216,156.88063221542052,D
2022-12-04,5.128709995936617,44.618139434997005,40.85995193566286,45.49795388798216,156.88063221542052,D
2022-12-05,5.340017763636592,44.618139434997005,40.85995193566286,45.49795388798216,156.88063221542052,D
2022-12-06,5.398190762991757,44.618139434997005,40.85995193566286,45.49795388798216,156.88063221542052,D
2022-12-07,5.128127435673117,44.618139434997005,40.85995193566286,45.49795388798216,156.88063221542052,D
2022-12-08,5.17775740462842,44.618139434997005,40.85995193566286,45.49795388798216,156.88063221542052,D
2022-12-09,4.696848339045624,44.618139434997005,40.85995193566286,45.49795388798216,156.88063221542052,D
2022-12-10,4.808175004640236,44.618139434997005,40.85995193566286,45.49795388798216,156.88063221542052,D
2022-12-11,4.033845419443437,44.618139434997005,40.85995193566286,45.49795388798216,156.88063221542052,D
2022-12-12,2.609192974421729,44.618139434997005,40.85995193566286,45.49795388798216,156.88063221542052,D
2022-12-13,4.6886508170184165,44.618139434997005,40.85995193566286,45.49795388798216,156.88063221542052,D
2022-12-14,5.288292541470589,44.618139434997005,40.85995193566286,45.49795388798216,156.88063221542052,D
2022-12-15,4.430907417666577,44.618139434997005,40.85995193566286,45.49795388798216,156.88063221542052,D
2022-12-16,6.292923326106721,44.618139434997005,40.85995193566286,45.49795388798216,156.88063221542052,D
2022-12-17,4.039590769220473,44.618139434997005,40.85995193566286,45.49795388798216,156.88063221542052,D
2022-12-18,4.969691721703717,44.618139434997005,40.85995193566286,45.49795388798216,156.88063221542052,D
2022-12-19,3.808764026956759,44.618139434997005,40.85995193566286,45.49795388798216,156.88063221542052,D
2022-12-20,4.485977298093916,44.618139434997005,40.85995193566286,45.49795388798216,156.88063221542052,D
2022-12-21,5.392246464783641,44.618139434997005,40.85995193566286,45.49795388798216,156.88063221542052,D
2022-12-22,5.919633972875686,44.618139434997005,40.85995193566286,45.49795388798216,156.88063221542052,D
2022-12-23,5.428560087450041,44.618139434997005,40.85995193566286,45.49795388798216,156.88063221542052,D
2022-12-24,3.856398968313189,44.618139434997005,40.85995193566286,45.49795388798216,156.88063221542052,D
2022-12-25,5.190536073595515,44.618139434997005,40.85995193566286,45.49795388798216,156.88063221542052,D
2022-12-26,3.6527134026691455,44.618139434997005,40.85995193566286,45.49795388798216,156.88063221542052,D
2022-12-27,7.030389010043313,44.618139434997005,40.85995193566286,45.49795388798216,156.88063221542052,D
2022-12-28,5.052971299030627,44.618139434997005,40.85995193566286,45.49795388798216,156.88063221542052,D
2022-12-29,5.149368512076842,44.618139434997005,40.85995193566286,45.49795388798216,156.88063221542052,D
2022-12-30,5.493038063927306,44.618139434997005,40.85995193566286,45.49795388798216,156.88063221542052,D
2022-12-31,6.023291745003765,60.05486285834443,27.932221460114945,63.06320261019401,202.25305653606247,D
