gvkey,tic,datadate,rdq,epspxq,epsfiq,fyearq,fqtr
001690,AAPL,2014-03-31,2014-04-23,11.69,11.62,2014,2
001690,AAPL,2014-06-30,2014-07-22,1.29,1.28,2014,3
001690,AAPL,2014-09-30,2014-10-20,1.43,1.42,2014,4
001690,AAPL,2014-12-31,2015-01-27,3.08,3.06,2015,1
001690,AAPL,2015-03-31,2015-04-27,2.34,2.33,2015,2
001690,AAPL,2015-06-30,2015-07-21,1.86,1.85,2015,3
001690,AAPL,2015-09-30,2015-10-27,1.97,1.96,2015,4
001690,AAPL,2015-12-31,2016-01-26,3.3,3.28,2016,1
001690,AAPL,2016-03-31,2016-04-26,1.91,1.9,2016,2
001690,AAPL,2016-06-30,2016-07-26,1.43,1.42,2016,3
001690,AAPL,2016-09-30,2016-10-25,1.68,1.67,2016,4
001690,AAPL,2016-12-31,2017-01-31,3.38,3.36,2017,1
001690,AAPL,2017-03-31,2017-05-02,2.11,2.1,2017,2
001690,AAPL,2017-06-30,2017-08-01,1.68,1.67,2017,3
001690,AAPL,2017-09-30,2017-11-02,2.08,2.07,2017,4
001690,AAPL,2017-12-31,2018-02-01,3.92,3.89,2018,1
001690,AAPL,2018-03-31,2018-05-01,2.75,2.73,2018,2
001690,AAPL,2018-06-30,2018-07-31,2.36,2.34,2018,3
001690,AAPL,2018-09-30,2018-11-01,2.94,2.91,2018,4
001690,AAPL,2018-12-31,2019-01-29,4.22,4.18,2019,1
001690,AAPL,2019-03-31,2019-04-30,2.47,2.46,2019,2
001690,AAPL,2019-06-30,2019-07-30,2.2,2.18,2019,3
001690,AAPL,2019-09-30,2019-10-30,3.05,3.03,2019,4
001690,AAPL,2019-12-31,2020-01-28,5.04,4.99,2020,1
001690,AAPL,2020-03-31,2020-04-30,2.58,2.55,2020,2
001690,AAPL,2020-06-30,2020-07-30,2.61,2.58,2020,3
001690,AAPL,2020-09-30,2020-10-29,0.74,0.73,2020,4
001690,AAPL,2020-12-31,2021-01-27,1.7,1.68,2021,1
001690,AAPL,2021-03-31,2021-04-28,1.41,1.4,2021,2
001690,AAPL,2021-06-30,2021-07-27,1.31,1.3,2021,3
001690,AAPL,2021-09-30,2021-10-28,1.25,1.24,2021,4
001690,AAPL,2021-12-31,2022-01-27,2.11,2.1,2022,1
001690,AAPL,2022-03-31,2022-04-28,1.54,1.52,2022,2
001690,AAPL,2022-06-30,2022-07-28,1.2,1.2,2022,3
001690,AAPL,2022-09-30,2022-10-27,1.29,1.29,2022,4
001690,AAPL,2022-12-31,2023-02-02,1.89,1.88,2023,1
001690,AAPL,2023-03-31,2023-05-04,1.53,1.52,2023,2
001690,AAPL,2023-06-30,2023-08-03,1.27,1.26,2023,3
001690,AAPL,2023-09-30,2023-11-02,1.47,1.46,2023,4
001690,AAPL,2023-12-31,2024-02-01,2.19,2.18,2024,1
001690,AAPL,2024-03-31,2024-05-02,1.53,1.53,2024,2
001690,AAPL,2024-06-30,2024-08-01,1.4,1.4,2024,3
001690,AAPL,2024-09-30,2024-10-31,0.97,0.97,2024,4
001690,AAPL,2024-12-31,2025-01-30,2.41,2.4,2025,1
001690,AAPL,2025-03-31,2025-05-01,1.65,1.65,2025,2
001690,AAPL,2025-06-30,2025-07-31,1.57,1.57,2025,3
001690,AAPL,2025-09-30,2025-10-30,1.85,1.85,2025,4
001690,AAPL,2025-12-31,2026-01-29,2.85,2.84,2026,1
012540,ADBE,2014-02-28,2014-03-18,0.09,0.09,2014,1
012540,ADBE,2014-05-31,2014-06-17,0.18,0.17,2014,2
012540,ADBE,2014-08-31,2014-09-16,0.09,0.09,2014,3
012540,ADBE,2014-11-30,2014-12-11,0.18,0.17,2014,4
012540,ADBE,2015-02-28,2015-03-17,0.17,0.17,2015,1
012540,ADBE,2015-05-31,2015-06-16,0.3,0.29,2015,2
012540,ADBE,2015-08-31,2015-09-17,0.35,0.34,2015,3
012540,ADBE,2015-11-30,2015-12-10,0.45,0.44,2015,4
012540,ADBE,2016-02-29,2016-03-17,0.51,0.5,2016,1
012540,ADBE,2016-05-31,2016-06-21,0.49,0.48,2016,2
012540,ADBE,2016-08-31,2016-09-20,0.54,0.54,2016,3
012540,ADBE,2016-11-30,2016-12-15,0.81,0.8,2016,4
012540,ADBE,2017-02-28,2017-03-16,0.81,0.8,2017,1
012540,ADBE,2017-05-31,2017-06-20,0.76,0.75,2017,2
012540,ADBE,2017-08-31,2017-09-19,0.85,0.84,2017,3
012540,ADBE,2017-11-30,2017-12-14,1.02,1.0,2017,4
012540,ADBE,2018-02-28,2018-03-15,1.18,1.17,2018,1
012540,ADBE,2018-05-31,2018-06-14,1.35,1.33,2018,2
012540,ADBE,2018-08-31,2018-09-13,1.36,1.34,2018,3
012540,ADBE,2018-11-30,2018-12-13,1.39,1.37,2018,4
012540,ADBE,2019-02-28,2019-03-14,1.38,1.36,2019,1
012540,ADBE,2019-05-31,2019-06-18,1.3,1.29,2019,2
012540,ADBE,2019-08-31,2019-09-17,1.63,1.61,2019,3
012540,ADBE,2019-11-30,2019-12-12,1.76,1.74,2019,4
012540,ADBE,2020-02-29,2020-03-12,1.98,1.96,2020,1
012540,ADBE,2020-05-31,2020-06-11,2.28,2.27,2020,2
012540,ADBE,2020-08-31,2020-09-15,1.99,1.97,2020,3
012540,ADBE,2020-11-30,2020-12-10,4.69,4.64,2020,4
012540,ADBE,2021-02-28,2021-03-23,2.63,2.61,2021,1
012540,ADBE,2021-05-31,2021-06-17,2.34,2.32,2021,2
012540,ADBE,2021-08-31,2021-09-21,2.54,2.52,2021,3
012540,ADBE,2021-11-30,2021-12-16,2.59,2.57,2021,4
012540,ADBE,2022-02-28,2022-03-22,2.68,2.66,2022,1
012540,ADBE,2022-05-31,2022-06-16,2.5,2.49,2022,2
012540,ADBE,2022-08-31,2022-09-15,2.42,2.42,2022,3
012540,ADBE,2022-11-30,2022-12-15,2.53,2.53,2022,4
012540,ADBE,2023-02-28,2023-03-15,2.72,2.71,2023,1
012540,ADBE,2023-05-31,2023-06-15,2.83,2.82,2023,2
012540,ADBE,2023-08-31,2023-09-14,3.07,3.05,2023,3
012540,ADBE,2023-11-30,2023-12-13,3.26,3.23,2023,4
012540,ADBE,2024-02-29,2024-03-14,1.37,1.36,2024,1
012540,ADBE,2024-05-31,2024-06-13,3.5,3.49,2024,2
012540,ADBE,2024-08-31,2024-09-12,3.78,3.76,2024,3
012540,ADBE,2024-11-30,2024-12-11,3.81,3.79,2024,4
012540,ADBE,2025-02-28,2025-03-12,4.15,4.14,2025,1
012540,ADBE,2025-05-31,2025-06-12,3.95,3.94,2025,2
012540,ADBE,2025-08-31,2025-09-11,4.18,4.18,2025,3
012540,ADBE,2025-11-30,2025-12-10,4.45,4.45,2025,4
012540,ADBE,2026-02-28,2026-03-12,4.6,4.6,2026,1
001161,AMD,2014-03-31,2014-04-17,-0.03,-0.03,2014,1
001161,AMD,2014-06-30,2014-07-17,-0.05,-0.05,2014,2
001161,AMD,2014-09-30,2014-10-16,0.02,0.02,2014,3
001161,AMD,2014-12-31,2015-01-20,-0.47,-0.47,2014,4
001161,AMD,2015-03-31,2015-04-16,-0.23,-0.23,2015,1
001161,AMD,2015-06-30,2015-07-16,-0.23,-0.23,2015,2
001161,AMD,2015-09-30,2015-10-15,-0.25,-0.25,2015,3
001161,AMD,2015-12-31,2016-01-19,-0.13,-0.13,2015,4
001161,AMD,2016-03-31,2016-04-21,-0.14,-0.14,2016,1
001161,AMD,2016-06-30,2016-07-21,0.09,0.08,2016,2
001161,AMD,2016-09-30,2016-10-20,-0.5,-0.5,2016,3
001161,AMD,2016-12-31,2017-01-31,-0.06,-0.06,2016,4
001161,AMD,2017-03-31,2017-05-01,-0.04,-0.04,2017,1
001161,AMD,2017-06-30,2017-07-25,-0.04,-0.04,2017,2
001161,AMD,2017-09-30,2017-10-24,0.06,0.06,2017,3
001161,AMD,2017-12-31,2018-01-30,-0.02,-0.02,2017,4
001161,AMD,2018-03-31,2018-04-25,0.08,0.08,2018,1
001161,AMD,2018-06-30,2018-07-25,0.12,0.11,2018,2
001161,AMD,2018-09-30,2018-10-24,0.1,0.09,2018,3
001161,AMD,2018-12-31,2019-01-29,0.04,0.04,2018,4
001161,AMD,2019-03-31,2019-04-30,0.01,0.01,2019,1
001161,AMD,2019-06-30,2019-07-30,0.03,0.03,2019,2
001161,AMD,2019-09-30,2019-10-29,0.11,0.11,2019,3
001161,AMD,2019-12-31,2020-01-28,0.15,0.15,2019,4
001161,AMD,2020-03-31,2020-04-28,0.14,0.14,2020,1
001161,AMD,2020-06-30,2020-07-28,0.13,0.13,2020,2
001161,AMD,2020-09-30,2020-10-27,0.33,0.32,2020,3
001161,AMD,2020-12-31,2021-01-26,1.48,1.45,2020,4
001161,AMD,2021-03-31,2021-04-27,0.46,0.45,2021,1
001161,AMD,2021-06-30,2021-07-27,0.58,0.58,2021,2
001161,AMD,2021-09-30,2021-10-26,0.76,0.75,2021,3
001161,AMD,2021-12-31,2022-02-01,0.81,0.8,2021,4
001161,AMD,2022-03-31,2022-05-03,0.56,0.56,2022,1
001161,AMD,2022-06-30,2022-08-02,0.28,0.27,2022,2
001161,AMD,2022-09-30,2022-11-01,0.04,0.04,2022,3
001161,AMD,2022-12-31,2023-01-31,0.01,0.01,2022,4
001161,AMD,2023-03-31,2023-05-02,-0.09,-0.09,2023,1
001161,AMD,2023-06-30,2023-08-01,0.02,0.02,2023,2
001161,AMD,2023-09-30,2023-10-31,0.18,0.18,2023,3
001161,AMD,2023-12-31,2024-01-30,0.41,0.41,2023,4
001161,AMD,2024-03-31,2024-04-30,0.08,0.07,2024,1
001161,AMD,2024-06-30,2024-07-30,0.16,0.16,2024,2
001161,AMD,2024-09-30,2024-10-29,0.48,0.47,2024,3
001161,AMD,2024-12-31,2025-02-04,0.3,0.29,2024,4
001161,AMD,2025-03-31,2025-05-06,0.44,0.44,2025,1
001161,AMD,2025-06-30,2025-08-05,0.47,0.54,2025,2
001161,AMD,2025-09-30,2025-11-04,0.72,0.75,2025,3
001161,AMD,2025-12-31,2026-02-03,1.0,0.92,2025,4
001602,AMGN,2014-03-31,2014-04-22,1.42,1.4,2014,1
001602,AMGN,2014-06-30,2014-07-29,2.04,2.01,2014,2
001602,AMGN,2014-09-30,2014-10-27,1.63,1.61,2014,3
001602,AMGN,2014-12-31,2015-01-27,1.7,1.68,2014,4
001602,AMGN,2015-03-31,2015-04-21,2.13,2.11,2015,1
001602,AMGN,2015-06-30,2015-07-30,2.18,2.15,2015,2
001602,AMGN,2015-09-30,2015-10-28,2.46,2.44,2015,3
001602,AMGN,2015-12-31,2016-01-28,2.39,2.37,2015,4
001602,AMGN,2016-03-31,2016-04-28,2.52,2.5,2016,1
001602,AMGN,2016-06-30,2016-07-27,2.49,2.47,2016,2
001602,AMGN,2016-09-30,2016-10-27,2.7,2.68,2016,3
001602,AMGN,2016-12-31,2017-02-02,2.61,2.59,2016,4
001602,AMGN,2017-03-31,2017-04-26,2.81,2.79,2017,1
001602,AMGN,2017-06-30,2017-07-25,2.93,2.91,2017,2
001602,AMGN,2017-09-30,2017-10-25,2.78,2.76,2017,3
001602,AMGN,2017-12-31,2018-02-01,-5.89,-5.89,2017,4
001602,AMGN,2018-03-31,2018-04-24,3.27,3.25,2018,1
001602,AMGN,2018-06-30,2018-07-26,3.5,3.48,2018,2
001602,AMGN,2018-09-30,2018-10-30,2.88,2.86,2018,3
001602,AMGN,2018-12-31,2019-01-29,3.04,3.01,2018,4
001602,AMGN,2019-03-31,2019-04-30,3.2,3.18,2019,1
001602,AMGN,2019-06-30,2019-07-30,3.59,3.57,2019,2
001602,AMGN,2019-09-30,2019-10-29,3.29,3.27,2019,3
001602,AMGN,2019-12-31,2020-01-30,2.87,2.85,2019,4
001602,AMGN,2020-03-31,2020-04-30,3.09,3.07,2020,1
001602,AMGN,2020-06-30,2020-07-28,3.07,3.05,2020,2
001602,AMGN,2020-09-30,2020-10-28,3.45,3.43,2020,3
001602,AMGN,2020-12-31,2021-02-02,2.78,2.76,2020,4
001602,AMGN,2021-03-31,2021-04-27,2.85,2.83,2021,1
001602,AMGN,2021-06-30,2021-08-03,0.81,0.81,2021,2
001602,AMGN,2021-09-30,2021-11-02,3.32,3.31,2021,3
001602,AMGN,2021-12-31,2022-02-07,3.38,3.36,2021,4
001602,AMGN,2022-03-31,2022-04-27,2.69,2.68,2022,1
001602,AMGN,2022-06-30,2022-08-04,2.46,2.45,2022,2
001602,AMGN,2022-09-30,2022-11-03,4.01,3.98,2022,3
001602,AMGN,2022-12-31,2023-01-31,3.02,3.0,2022,4
001602,AMGN,2023-03-31,2023-04-27,5.32,5.28,2023,1
001602,AMGN,2023-06-30,2023-08-03,2.58,2.57,2023,2
001602,AMGN,2023-09-30,2023-10-31,3.23,3.22,2023,3
001602,AMGN,2023-12-31,2024-02-06,1.43,1.42,2023,4
001602,AMGN,2024-03-31,2024-05-02,-0.21,-0.21,2024,1
001602,AMGN,2024-06-30,2024-08-06,1.39,1.38,2024,2
001602,AMGN,2024-09-30,2024-10-30,5.27,5.22,2024,3
001602,AMGN,2024-12-31,2025-02-04,1.17,1.16,2024,4
001602,AMGN,2025-03-31,2025-05-01,3.22,3.2,2025,1
001602,AMGN,2025-06-30,2025-08-05,2.66,2.65,2025,2
001602,AMGN,2025-09-30,2025-11-04,5.98,5.93,2025,3
001602,AMGN,2025-12-31,2026-02-03,2.47,2.45,2025,4
064768,AMZN,2014-03-31,2014-04-24,0.23,0.23,2014,1
064768,AMZN,2014-06-30,2014-07-24,-0.27,-0.27,2014,2
064768,AMZN,2014-09-30,2014-10-23,-0.95,-0.95,2014,3
064768,AMZN,2014-12-31,2015-01-29,0.46,0.45,2014,4
064768,AMZN,2015-03-31,2015-04-23,-0.12,-0.12,2015,1
064768,AMZN,2015-06-30,2015-07-23,0.2,0.19,2015,2
064768,AMZN,2015-09-30,2015-10-22,0.17,0.17,2015,3
064768,AMZN,2015-12-31,2016-01-28,1.03,1.0,2015,4
064768,AMZN,2016-03-31,2016-04-28,1.09,1.07,2016,1
064768,AMZN,2016-06-30,2016-07-28,1.81,1.78,2016,2
064768,AMZN,2016-09-30,2016-10-27,0.53,0.52,2016,3
064768,AMZN,2016-12-31,2017-02-02,1.57,1.54,2016,4
064768,AMZN,2017-03-31,2017-04-27,1.52,1.48,2017,1
064768,AMZN,2017-06-30,2017-07-27,0.41,0.4,2017,2
064768,AMZN,2017-09-30,2017-10-26,0.53,0.52,2017,3
064768,AMZN,2017-12-31,2018-02-01,3.85,3.75,2017,4
064768,AMZN,2018-03-31,2018-04-26,3.36,3.27,2018,1
064768,AMZN,2018-06-30,2018-07-26,5.21,5.07,2018,2
064768,AMZN,2018-09-30,2018-10-25,5.91,5.75,2018,3
064768,AMZN,2018-12-31,2019-01-31,6.18,6.04,2018,4
064768,AMZN,2019-03-31,2019-04-25,7.24,7.09,2019,1
064768,AMZN,2019-06-30,2019-07-25,5.32,5.22,2019,2
064768,AMZN,2019-09-30,2019-10-24,4.31,4.23,2019,3
064768,AMZN,2019-12-31,2020-01-30,6.58,6.47,2019,4
064768,AMZN,2020-03-31,2020-04-30,5.09,5.01,2020,1
064768,AMZN,2020-06-30,2020-07-30,10.5,10.3,2020,2
064768,AMZN,2020-09-30,2020-10-29,12.63,12.37,2020,3
064768,AMZN,2020-12-31,2021-02-02,14.38,14.09,2020,4
064768,AMZN,2021-03-31,2021-04-29,16.09,15.79,2021,1
064768,AMZN,2021-06-30,2021-07-29,15.4,15.12,2021,2
064768,AMZN,2021-09-30,2021-10-28,6.23,6.12,2021,3
064768,AMZN,2021-12-31,2022-02-03,28.21,27.75,2021,4
064768,AMZN,2022-03-31,2022-04-28,-7.56,-7.56,2022,1
064768,AMZN,2022-06-30,2022-07-28,-0.2,-0.2,2022,2
064768,AMZN,2022-09-30,2022-10-27,0.28,0.28,2022,3
064768,AMZN,2022-12-31,2023-02-02,0.03,0.03,2022,4
064768,AMZN,2023-03-31,2023-04-27,0.31,0.31,2023,1
064768,AMZN,2023-06-30,2023-08-03,0.66,0.65,2023,2
064768,AMZN,2023-09-30,2023-10-26,0.96,0.94,2023,3
064768,AMZN,2023-12-31,2024-02-01,1.03,1.0,2023,4
064768,AMZN,2024-03-31,2024-04-30,1.0,0.98,2024,1
064768,AMZN,2024-06-30,2024-08-01,1.29,1.26,2024,2
064768,AMZN,2024-09-30,2024-10-31,1.46,1.43,2024,3
064768,AMZN,2024-12-31,2025-02-06,1.9,1.86,2024,4
064768,AMZN,2025-03-31,2025-05-01,1.62,1.59,2025,1
064768,AMZN,2025-06-30,2025-07-31,1.71,1.68,2025,2
064768,AMZN,2025-09-30,2025-10-30,1.98,1.95,2025,3
064768,AMZN,2025-12-31,2026-02-05,1.98,1.95,2025,4
001447,AXP,2014-03-31,2014-04-16,1.34,1.33,2014,1
001447,AXP,2014-06-30,2014-07-29,1.44,1.43,2014,2
001447,AXP,2014-09-30,2014-10-15,1.41,1.4,2014,3
001447,AXP,2014-12-31,2015-01-21,1.4,1.39,2014,4
001447,AXP,2015-03-31,2015-04-16,1.49,1.48,2015,1
001447,AXP,2015-06-30,2015-07-22,1.43,1.42,2015,2
001447,AXP,2015-09-30,2015-10-21,1.24,1.24,2015,3
001447,AXP,2015-12-31,2016-01-21,0.89,0.89,2015,4
001447,AXP,2016-03-31,2016-04-20,1.46,1.46,2016,1
001447,AXP,2016-06-30,2016-07-20,2.08,2.07,2016,2
001447,AXP,2016-09-30,2016-10-19,1.21,1.21,2016,3
001447,AXP,2016-12-31,2017-01-19,0.86,0.86,2016,4
001447,AXP,2017-03-31,2017-04-19,1.36,1.35,2017,1
001447,AXP,2017-06-30,2017-07-19,1.48,1.47,2017,2
001447,AXP,2017-09-30,2017-10-18,1.51,1.51,2017,3
001447,AXP,2017-12-31,2018-01-18,-1.42,-1.42,2017,4
001447,AXP,2018-03-31,2018-04-18,1.86,1.86,2018,1
001447,AXP,2018-06-30,2018-07-18,1.85,1.84,2018,2
001447,AXP,2018-09-30,2018-10-18,1.89,1.88,2018,3
001447,AXP,2018-12-31,2019-01-17,2.33,2.32,2018,4
001447,AXP,2019-03-31,2019-04-18,1.81,1.8,2019,1
001447,AXP,2019-06-30,2019-07-19,2.07,2.07,2019,2
001447,AXP,2019-09-30,2019-10-18,2.09,2.08,2019,3
001447,AXP,2019-12-31,2020-01-24,2.04,2.03,2019,4
001447,AXP,2020-03-31,2020-04-24,0.41,0.41,2020,1
001447,AXP,2020-06-30,2020-07-24,0.29,0.29,2020,2
001447,AXP,2020-09-30,2020-10-23,1.31,1.3,2020,3
001447,AXP,2020-12-31,2021-01-26,1.76,1.76,2020,4
001447,AXP,2021-03-31,2021-04-23,2.74,2.74,2021,1
001447,AXP,2021-06-30,2021-07-23,2.81,2.8,2021,2
001447,AXP,2021-09-30,2021-10-22,2.27,2.27,2021,3
001447,AXP,2021-12-31,2022-01-25,2.19,2.18,2021,4
001447,AXP,2022-03-31,2022-04-22,2.73,2.73,2022,1
001447,AXP,2022-06-30,2022-07-22,2.57,2.57,2022,2
001447,AXP,2022-09-30,2022-10-21,2.47,2.47,2022,3
001447,AXP,2022-12-31,2023-01-27,2.08,2.07,2022,4
001447,AXP,2023-03-31,2023-04-20,2.41,2.4,2023,1
001447,AXP,2023-06-30,2023-07-21,2.89,2.89,2023,2
001447,AXP,2023-09-30,2023-10-20,3.3,3.3,2023,3
001447,AXP,2023-12-31,2024-01-26,2.63,2.62,2023,4
001447,AXP,2024-03-31,2024-04-19,3.34,3.33,2024,1
001447,AXP,2024-06-30,2024-07-19,4.16,4.15,2024,2
001447,AXP,2024-09-30,2024-10-18,3.5,3.49,2024,3
001447,AXP,2024-12-31,2025-01-24,3.04,3.04,2024,4
001447,AXP,2025-03-31,2025-04-17,3.64,3.64,2025,1
001447,AXP,2025-06-30,2025-07-18,4.08,4.08,2025,2
001447,AXP,2025-09-30,2025-10-17,4.14,4.14,2025,3
001447,AXP,2025-12-31,2026-01-30,3.53,3.53,2025,4
002285,BA,2014-03-31,2014-04-23,1.3,1.28,2014,1
002285,BA,2014-06-30,2014-07-23,2.26,2.24,2014,2
002285,BA,2014-09-30,2014-10-22,1.88,1.86,2014,3
002285,BA,2014-12-31,2015-01-28,2.05,2.02,2014,4
002285,BA,2015-03-31,2015-04-22,1.89,1.87,2015,1
002285,BA,2015-06-30,2015-07-22,1.61,1.59,2015,2
002285,BA,2015-09-30,2015-10-21,2.5,2.47,2015,3
002285,BA,2015-12-31,2016-01-27,1.52,1.51,2015,4
002285,BA,2016-03-31,2016-04-27,1.85,1.83,2016,1
002285,BA,2016-06-30,2016-07-27,-0.37,-0.37,2016,2
002285,BA,2016-09-30,2016-10-26,3.64,3.6,2016,3
002285,BA,2016-12-31,2017-01-25,2.63,2.59,2016,4
002285,BA,2017-03-31,2017-04-26,2.57,2.54,2017,1
002285,BA,2017-06-30,2017-07-26,2.91,2.87,2017,2
002285,BA,2017-09-30,2017-10-25,3.03,2.99,2017,3
002285,BA,2017-12-31,2018-01-31,5.57,5.49,2017,4
002285,BA,2018-03-31,2018-04-25,4.19,4.15,2018,1
002285,BA,2018-06-30,2018-07-25,3.77,3.73,2018,2
002285,BA,2018-09-30,2018-10-24,4.11,4.07,2018,3
002285,BA,2018-12-31,2019-01-30,6.0,5.93,2018,4
002285,BA,2019-03-31,2019-04-24,3.79,3.75,2019,1
002285,BA,2019-06-30,2019-07-24,-5.21,-5.21,2019,2
002285,BA,2019-09-30,2019-10-23,2.07,2.05,2019,3
002285,BA,2019-12-31,2020-01-29,-1.79,-1.79,2019,4
002285,BA,2020-03-31,2020-04-29,-1.11,-1.11,2020,1
002285,BA,2020-06-30,2020-07-29,-4.2,-4.2,2020,2
002285,BA,2020-09-30,2020-10-28,-0.79,-0.79,2020,3
002285,BA,2020-12-31,2021-01-27,-14.65,-14.65,2020,4
002285,BA,2021-03-31,2021-04-28,-0.92,-0.92,2021,1
002285,BA,2021-06-30,2021-07-28,1.0,1.0,2021,2
002285,BA,2021-09-30,2021-10-27,-0.19,-0.19,2021,3
002285,BA,2021-12-31,2022-01-26,-7.02,-7.02,2021,4
002285,BA,2022-03-31,2022-04-27,-2.06,-2.06,2022,1
002285,BA,2022-06-30,2022-07-27,0.32,0.32,2022,2
002285,BA,2022-09-30,2022-10-26,-5.49,-5.49,2022,3
002285,BA,2022-12-31,2023-01-25,-1.06,-1.06,2022,4
002285,BA,2023-03-31,2023-04-26,-0.69,-0.69,2023,1
002285,BA,2023-06-30,2023-07-26,-0.25,-0.25,2023,2
002285,BA,2023-09-30,2023-10-25,-2.7,-2.7,2023,3
002285,BA,2023-12-31,2024-01-31,-0.04,-0.04,2023,4
002285,BA,2024-03-31,2024-04-24,-0.56,-0.56,2024,1
002285,BA,2024-06-30,2024-07-31,-2.33,-2.33,2024,2
002285,BA,2024-09-30,2024-10-23,-9.97,-9.97,2024,3
002285,BA,2024-12-31,2025-01-28,-5.46,-5.46,2024,4
002285,BA,2025-03-31,2025-04-23,-0.16,-0.16,2025,1
002285,BA,2025-06-30,2025-07-29,-0.92,-0.92,2025,2
002285,BA,2025-09-30,2025-10-29,-7.14,-7.14,2025,3
002285,BA,2025-12-31,2026-01-27,10.59,10.23,2025,4
002817,CAT,2014-03-31,2014-04-24,1.47,1.44,2014,1
002817,CAT,2014-06-30,2014-07-24,1.6,1.57,2014,2
002817,CAT,2014-09-30,2014-10-23,1.66,1.63,2014,3
002817,CAT,2014-12-31,2015-01-27,1.25,1.23,2014,4
002817,CAT,2015-03-31,2015-04-23,2.06,2.03,2015,1
002817,CAT,2015-06-30,2015-07-23,1.33,1.31,2015,2
002817,CAT,2015-09-30,2015-10-22,0.95,0.94,2015,3
002817,CAT,2015-12-31,2016-01-28,-0.16,-0.16,2015,4
002817,CAT,2016-03-31,2016-04-22,0.46,0.46,2016,1
002817,CAT,2016-06-30,2016-07-26,0.94,0.93,2016,2
002817,CAT,2016-09-30,2016-10-25,0.48,0.48,2016,3
002817,CAT,2016-12-31,2017-01-26,-2.0,-2.0,2016,4
002817,CAT,2017-03-31,2017-04-25,0.33,0.32,2017,1
002817,CAT,2017-06-30,2017-07-25,1.36,1.35,2017,2
002817,CAT,2017-09-30,2017-10-24,1.79,1.77,2017,3
002817,CAT,2017-12-31,2018-01-25,-2.18,-2.18,2017,4
002817,CAT,2018-03-31,2018-04-24,2.78,2.74,2018,1
002817,CAT,2018-06-30,2018-07-30,2.86,2.82,2018,2
002817,CAT,2018-09-30,2018-10-23,2.92,2.88,2018,3
002817,CAT,2018-12-31,2019-01-28,1.8,1.78,2018,4
002817,CAT,2019-03-31,2019-04-24,3.29,3.25,2019,1
002817,CAT,2019-06-30,2019-07-24,2.85,2.83,2019,2
002817,CAT,2019-09-30,2019-10-23,2.69,2.66,2019,3
002817,CAT,2019-12-31,2020-01-31,2.0,1.97,2019,4
002817,CAT,2020-03-31,2020-04-28,2.0,1.98,2020,1
002817,CAT,2020-06-30,2020-07-31,0.84,0.84,2020,2
002817,CAT,2020-09-30,2020-10-27,1.23,1.22,2020,3
002817,CAT,2020-12-31,2021-01-29,1.43,1.42,2020,4
002817,CAT,2021-03-31,2021-04-29,2.8,2.77,2021,1
002817,CAT,2021-06-30,2021-07-30,2.58,2.56,2021,2
002817,CAT,2021-09-30,2021-10-28,2.62,2.6,2021,3
002817,CAT,2021-12-31,2022-01-28,3.94,3.91,2021,4
002817,CAT,2022-03-31,2022-04-28,2.88,2.86,2022,1
002817,CAT,2022-06-30,2022-08-02,3.15,3.13,2022,2
002817,CAT,2022-09-30,2022-10-27,3.89,3.87,2022,3
002817,CAT,2022-12-31,2023-01-31,2.81,2.79,2022,4
002817,CAT,2023-03-31,2023-04-27,3.76,3.74,2023,1
002817,CAT,2023-06-30,2023-08-01,5.7,5.67,2023,2
002817,CAT,2023-09-30,2023-10-31,5.48,5.45,2023,3
002817,CAT,2023-12-31,2024-02-05,5.31,5.28,2023,4
002817,CAT,2024-03-31,2024-04-25,5.78,5.75,2024,1
002817,CAT,2024-06-30,2024-08-06,5.5,5.48,2024,2
002817,CAT,2024-09-30,2024-10-30,5.09,5.06,2024,3
002817,CAT,2024-12-31,2025-01-30,5.81,5.78,2024,4
002817,CAT,2025-03-31,2025-04-30,4.22,4.2,2025,1
002817,CAT,2025-06-30,2025-08-05,4.64,4.62,2025,2
002817,CAT,2025-09-30,2025-10-29,4.91,4.88,2025,3
002817,CAT,2025-12-31,2026-01-29,5.15,5.12,2025,4
157855,CRM,2014-01-31,2014-02-27,-0.19,-0.19,2013,4
157855,CRM,2014-04-30,2014-05-20,-0.16,-0.16,2014,1
157855,CRM,2014-07-31,2014-08-21,-0.1,-0.1,2014,2
157855,CRM,2014-10-31,2014-11-19,-0.06,-0.06,2014,3
157855,CRM,2015-01-31,2015-02-25,-0.1,-0.1,2014,4
157855,CRM,2015-04-30,2015-05-20,0.01,0.01,2015,1
157855,CRM,2015-07-31,2015-08-20,0.0,0.0,2015,2
157855,CRM,2015-10-31,2015-11-18,-0.04,-0.04,2015,3
157855,CRM,2016-01-31,2016-02-24,-0.04,-0.04,2015,4
157855,CRM,2016-04-30,2016-05-18,0.06,0.06,2016,1
157855,CRM,2016-07-31,2016-08-31,0.34,0.33,2016,2
157855,CRM,2016-10-31,2016-11-17,-0.05,-0.05,2016,3
157855,CRM,2017-01-31,2017-02-28,-0.07,-0.07,2016,4
157855,CRM,2017-04-30,2017-05-18,0.0,0.0,2017,1
157855,CRM,2017-07-31,2017-08-22,0.06,0.06,2017,2
157855,CRM,2017-10-31,2017-11-21,0.15,0.14,2017,3
157855,CRM,2018-01-31,2018-02-28,0.28,0.28,2017,4
157855,CRM,2018-04-30,2018-05-29,0.47,0.46,2018,1
157855,CRM,2018-07-31,2018-08-29,0.4,0.39,2018,2
157855,CRM,2018-10-31,2018-11-27,0.14,0.13,2018,3
157855,CRM,2019-01-31,2019-03-04,0.47,0.46,2018,4
157855,CRM,2019-04-30,2019-06-04,0.51,0.49,2019,1
157855,CRM,2019-07-31,2019-08-22,0.12,0.11,2019,2
157855,CRM,2019-10-31,2019-12-03,-0.12,-0.12,2019,3
157855,CRM,2020-01-31,2020-02-25,-0.28,-0.28,2019,4
157855,CRM,2020-04-30,2020-05-28,0.11,0.11,2020,1
157855,CRM,2020-07-31,2020-08-25,2.9,2.85,2020,2
157855,CRM,2020-10-31,2020-12-01,1.19,1.15,2020,3
157855,CRM,2021-01-31,2021-02-25,0.29,0.28,2020,4
157855,CRM,2021-04-30,2021-05-27,0.51,0.5,2021,1
157855,CRM,2021-07-31,2021-08-25,0.57,0.56,2021,2
157855,CRM,2021-10-31,2021-11-30,0.48,0.47,2021,3
157855,CRM,2022-01-31,2022-03-01,-0.03,-0.03,2021,4
157855,CRM,2022-04-30,2022-05-31,0.03,0.03,2022,1
157855,CRM,2022-07-31,2022-08-24,0.07,0.07,2022,2
157855,CRM,2022-10-31,2022-11-30,0.21,0.21,2022,3
157855,CRM,2023-01-31,2023-03-01,-0.1,-0.1,2022,4
157855,CRM,2023-04-30,2023-05-31,0.2,0.2,2023,1
157855,CRM,2023-07-31,2023-08-30,1.3,1.28,2023,2
157855,CRM,2023-10-31,2023-11-29,1.26,1.25,2023,3
157855,CRM,2024-01-31,2024-02-28,1.49,1.47,2023,4
157855,CRM,2024-04-30,2024-05-29,1.58,1.56,2024,1
157855,CRM,2024-07-31,2024-08-28,1.48,1.47,2024,2
157855,CRM,2024-10-31,2024-12-03,1.6,1.58,2024,3
157855,CRM,2025-01-31,2025-02-26,1.78,1.75,2024,4
157855,CRM,2025-04-30,2025-05-28,1.61,1.59,2025,1
157855,CRM,2025-07-31,2025-09-03,1.97,1.96,2025,2
157855,CRM,2025-10-31,2025-12-03,2.2,2.19,2025,3
157855,CRM,2026-01-31,2026-02-25,2.08,2.07,2025,4
020779,CSCO,2014-01-31,2014-02-12,0.27,0.27,2014,2
020779,CSCO,2014-04-30,2014-05-14,0.42,0.42,2014,3
020779,CSCO,2014-07-31,2014-08-13,0.44,0.43,2014,4
020779,CSCO,2014-10-31,2014-11-12,0.36,0.35,2015,1
020779,CSCO,2015-01-31,2015-02-11,0.47,0.46,2015,2
020779,CSCO,2015-04-30,2015-05-13,0.48,0.47,2015,3
020779,CSCO,2015-07-31,2015-08-12,0.46,0.45,2015,4
020779,CSCO,2015-10-31,2015-11-12,0.48,0.48,2016,1
020779,CSCO,2016-01-31,2016-02-10,0.62,0.62,2016,2
020779,CSCO,2016-04-30,2016-05-18,0.47,0.46,2016,3
020779,CSCO,2016-07-31,2016-08-17,0.56,0.56,2016,4
020779,CSCO,2016-10-31,2016-11-16,0.46,0.46,2017,1
020779,CSCO,2017-01-31,2017-02-15,0.47,0.47,2017,2
020779,CSCO,2017-04-30,2017-05-17,0.5,0.5,2017,3
020779,CSCO,2017-07-31,2017-08-16,0.49,0.48,2017,4
020779,CSCO,2017-10-31,2017-11-15,0.48,0.48,2018,1
020779,CSCO,2018-01-31,2018-02-14,-1.78,-1.78,2018,2
020779,CSCO,2018-04-30,2018-05-16,0.56,0.56,2018,3
020779,CSCO,2018-07-31,2018-08-15,0.81,0.81,2018,4
020779,CSCO,2018-10-31,2018-11-14,0.78,0.77,2019,1
020779,CSCO,2019-01-31,2019-02-13,0.63,0.63,2019,2
020779,CSCO,2019-04-30,2019-05-15,0.7,0.69,2019,3
020779,CSCO,2019-07-31,2019-08-14,0.52,0.51,2019,4
020779,CSCO,2019-10-31,2019-11-13,0.69,0.68,2020,1
020779,CSCO,2020-01-31,2020-02-12,0.68,0.68,2020,2
020779,CSCO,2020-04-30,2020-05-13,0.66,0.65,2020,3
020779,CSCO,2020-07-31,2020-08-12,0.62,0.62,2020,4
020779,CSCO,2020-10-31,2020-11-12,0.51,0.51,2021,1
020779,CSCO,2021-01-31,2021-02-09,0.6,0.6,2021,2
020779,CSCO,2021-04-30,2021-05-19,0.68,0.68,2021,3
020779,CSCO,2021-07-31,2021-08-18,0.71,0.71,2021,4
020779,CSCO,2021-10-31,2021-11-17,0.71,0.7,2022,1
020779,CSCO,2022-01-31,2022-02-16,0.71,0.71,2022,2
020779,CSCO,2022-04-30,2022-05-18,0.73,0.73,2022,3
020779,CSCO,2022-07-31,2022-08-17,0.68,0.68,2022,4
020779,CSCO,2022-10-31,2022-11-16,0.65,0.65,2023,1
020779,CSCO,2023-01-31,2023-02-15,0.68,0.67,2023,2
020779,CSCO,2023-04-30,2023-05-17,0.79,0.78,2023,3
020779,CSCO,2023-07-31,2023-08-16,0.97,0.97,2023,4
020779,CSCO,2023-10-31,2023-11-15,0.9,0.89,2024,1
020779,CSCO,2024-01-31,2024-02-14,0.65,0.65,2024,2
020779,CSCO,2024-04-30,2024-05-15,0.47,0.46,2024,3
020779,CSCO,2024-07-31,2024-08-14,0.54,0.54,2024,4
020779,CSCO,2024-10-31,2024-11-13,0.68,0.68,2025,1
020779,CSCO,2025-01-31,2025-02-12,0.61,0.61,2025,2
020779,CSCO,2025-04-30,2025-05-14,0.63,0.62,2025,3
020779,CSCO,2025-07-31,2025-08-13,0.64,0.64,2025,4
020779,CSCO,2025-10-31,2025-11-12,0.72,0.72,2026,1
020779,CSCO,2026-01-31,2026-02-11,0.8,0.8,2026,2
002991,CVX,2014-03-31,2014-05-02,2.38,2.36,2014,1
002991,CVX,2014-06-30,2014-08-01,3.0,2.98,2014,2
002991,CVX,2014-09-30,2014-10-31,2.97,2.95,2014,3
002991,CVX,2014-12-31,2015-01-30,1.86,1.85,2014,4
002991,CVX,2015-03-31,2015-05-01,1.38,1.37,2015,1
002991,CVX,2015-06-30,2015-07-31,0.3,0.3,2015,2
002991,CVX,2015-09-30,2015-10-30,1.09,1.09,2015,3
002991,CVX,2015-12-31,2016-01-29,-0.31,-0.31,2015,4
002991,CVX,2016-03-31,2016-04-29,-0.39,-0.39,2016,1
002991,CVX,2016-06-30,2016-07-29,-0.78,-0.78,2016,2
002991,CVX,2016-09-30,2016-10-28,0.68,0.68,2016,3
002991,CVX,2016-12-31,2017-01-27,0.22,0.22,2016,4
002991,CVX,2017-03-31,2017-04-28,1.43,1.41,2017,1
002991,CVX,2017-06-30,2017-07-28,0.77,0.77,2017,2
002991,CVX,2017-09-30,2017-10-27,1.03,1.03,2017,3
002991,CVX,2017-12-31,2018-02-02,1.65,1.64,2017,4
002991,CVX,2018-03-31,2018-04-27,1.92,1.9,2018,1
002991,CVX,2018-06-30,2018-07-27,1.79,1.78,2018,2
002991,CVX,2018-09-30,2018-11-02,2.13,2.11,2018,3
002991,CVX,2018-12-31,2019-02-01,1.97,1.95,2018,4
002991,CVX,2019-03-31,2019-04-26,1.4,1.39,2019,1
002991,CVX,2019-06-30,2019-08-02,2.28,2.27,2019,2
002991,CVX,2019-09-30,2019-11-01,1.38,1.36,2019,3
002991,CVX,2019-12-31,2020-01-31,-3.51,-3.51,2019,4
002991,CVX,2020-03-31,2020-05-01,1.93,1.93,2020,1
002991,CVX,2020-06-30,2020-07-31,-4.44,-4.44,2020,2
002991,CVX,2020-09-30,2020-10-30,-0.12,-0.12,2020,3
002991,CVX,2020-12-31,2021-01-29,-0.33,-0.33,2020,4
002991,CVX,2021-03-31,2021-04-30,0.72,0.72,2021,1
002991,CVX,2021-06-30,2021-07-30,1.61,1.6,2021,2
002991,CVX,2021-09-30,2021-10-29,3.19,3.19,2021,3
002991,CVX,2021-12-31,2022-01-28,2.63,2.63,2021,4
002991,CVX,2022-03-31,2022-04-29,3.23,3.22,2022,1
002991,CVX,2022-06-30,2022-07-29,5.98,5.95,2022,2
002991,CVX,2022-09-30,2022-10-28,5.81,5.78,2022,3
002991,CVX,2022-12-31,2023-01-27,3.34,3.33,2022,4
002991,CVX,2023-03-31,2023-04-28,3.48,3.46,2023,1
002991,CVX,2023-06-30,2023-07-28,3.22,3.2,2023,2
002991,CVX,2023-09-30,2023-10-27,3.48,3.48,2023,3
002991,CVX,2023-12-31,2024-02-02,1.23,1.22,2023,4
002991,CVX,2024-03-31,2024-04-26,2.99,2.97,2024,1
002991,CVX,2024-06-30,2024-08-02,2.43,2.43,2024,2
002991,CVX,2024-09-30,2024-11-01,2.49,2.48,2024,3
002991,CVX,2024-12-31,2025-01-31,1.85,1.84,2024,4
002991,CVX,2025-03-31,2025-05-02,2.01,2.0,2025,1
002991,CVX,2025-06-30,2025-08-01,1.45,1.45,2025,2
002991,CVX,2025-09-30,2025-10-31,1.83,1.82,2025,3
002991,CVX,2025-12-31,2026-01-30,1.39,1.39,2025,4
003980,DIS,2014-03-31,2014-05-06,1.1,1.08,2014,2
003980,DIS,2014-06-30,2014-08-05,1.3,1.28,2014,3
003980,DIS,2014-09-30,2014-11-06,0.87,0.86,2014,4
003980,DIS,2014-12-31,2015-02-03,1.28,1.27,2015,1
003980,DIS,2015-03-31,2015-05-05,1.24,1.23,2015,2
003980,DIS,2015-06-30,2015-08-04,1.46,1.45,2015,3
003980,DIS,2015-09-30,2015-11-05,0.96,0.95,2015,4
003980,DIS,2015-12-31,2016-02-09,1.74,1.73,2016,1
003980,DIS,2016-03-31,2016-05-10,1.31,1.3,2016,2
003980,DIS,2016-06-30,2016-08-09,1.6,1.59,2016,3
003980,DIS,2016-09-30,2016-11-10,1.1,1.1,2016,4
003980,DIS,2016-12-31,2017-02-07,1.56,1.55,2017,1
003980,DIS,2017-03-31,2017-05-09,1.51,1.5,2017,2
003980,DIS,2017-06-30,2017-08-08,1.51,1.51,2017,3
003980,DIS,2017-09-30,2017-11-09,1.14,1.13,2017,4
003980,DIS,2017-12-31,2018-02-06,2.93,2.91,2018,1
003980,DIS,2018-03-31,2018-05-08,1.95,1.95,2018,2
003980,DIS,2018-06-30,2018-08-07,1.96,1.95,2018,3
003980,DIS,2018-09-30,2018-11-08,1.56,1.55,2018,4
003980,DIS,2018-12-31,2019-02-05,1.87,1.86,2019,1
003980,DIS,2019-03-31,2019-05-08,3.55,3.55,2019,2
003980,DIS,2019-06-30,2019-08-06,0.79,0.97,2019,3
003980,DIS,2019-09-30,2019-11-07,0.44,0.58,2019,4
003980,DIS,2019-12-31,2020-02-04,1.18,1.16,2020,1
003980,DIS,2020-03-31,2020-05-05,0.26,0.25,2020,2
003980,DIS,2020-06-30,2020-08-04,-2.61,-2.61,2020,3
003980,DIS,2020-09-30,2020-11-12,-0.39,-0.39,2020,4
003980,DIS,2020-12-31,2021-02-11,0.02,0.01,2021,1
003980,DIS,2021-03-31,2021-05-13,0.5,0.49,2021,2
003980,DIS,2021-06-30,2021-08-12,0.51,0.5,2021,3
003980,DIS,2021-09-30,2021-11-10,0.09,0.09,2021,4
003980,DIS,2021-12-31,2022-02-09,0.63,0.6,2022,1
003980,DIS,2022-03-31,2022-05-11,0.26,0.26,2022,2
003980,DIS,2022-06-30,2022-08-10,0.77,0.77,2022,3
003980,DIS,2022-09-30,2022-11-08,0.09,0.09,2022,4
003980,DIS,2022-12-31,2023-02-08,0.7,0.7,2023,1
003980,DIS,2023-03-31,2023-05-10,0.7,0.69,2023,2
003980,DIS,2023-06-30,2023-08-09,-0.25,-0.25,2023,3
003980,DIS,2023-09-30,2023-11-08,0.14,0.14,2023,4
003980,DIS,2023-12-31,2024-02-07,1.04,1.04,2024,1
003980,DIS,2024-03-31,2024-05-07,-0.01,-0.01,2024,2
003980,DIS,2024-06-30,2024-08-07,1.44,1.43,2024,3
003980,DIS,2024-09-30,2024-11-14,0.25,0.25,2024,4
003980,DIS,2024-12-31,2025-02-05,1.41,1.4,2025,1
003980,DIS,2025-03-31,2025-05-07,1.81,1.81,2025,2
003980,DIS,2025-06-30,2025-08-06,2.92,2.92,2025,3
003980,DIS,2025-09-30,2025-11-13,0.73,0.73,2025,4
003980,DIS,2025-12-31,2026-02-02,1.34,1.34,2026,1
005047,GE,2014-03-31,2014-04-17,0.23,0.3,2014,1
005047,GE,2014-06-30,2014-07-18,0.29,0.35,2014,2
005047,GE,2014-09-30,2014-10-17,0.08,0.35,2014,3
005047,GE,2014-12-31,2015-01-23,0.36,0.51,2014,4
005047,GE,2015-03-31,2015-04-17,-0.45,-1.35,2015,1
005047,GE,2015-06-30,2015-07-17,0.17,-0.13,2015,2
005047,GE,2015-09-30,2015-10-16,0.19,0.25,2015,3
005047,GE,2015-12-31,2016-01-22,0.26,0.64,2015,4
005047,GE,2016-03-31,2016-04-22,0.03,-0.01,2016,1
005047,GE,2016-06-30,2016-07-22,0.36,0.3,2016,2
005047,GE,2016-09-30,2016-10-21,0.24,0.22,2016,3
005047,GE,2016-12-31,2017-01-20,0.4,0.39,2016,4
005047,GE,2017-03-31,2017-04-21,0.01,-0.01,2017,1
005047,GE,2017-06-30,2017-07-21,0.12,0.1,2017,2
005047,GE,2017-09-30,2017-10-20,0.16,0.15,2017,3
005047,GE,2017-12-31,2018-01-24,-1.29,-1.27,2017,4
005047,GE,2018-03-31,2018-04-20,0.03,-0.14,2018,1
005047,GE,2018-06-30,2018-07-20,0.1,0.07,2018,2
005047,GE,2018-09-30,2018-10-30,-2.64,-2.62,2018,3
005047,GE,2018-12-31,2019-01-31,0.06,0.07,2018,4
005047,GE,2019-03-31,2019-04-30,0.1,0.4,2019,1
005047,GE,2019-06-30,2019-07-31,-0.03,-0.01,2019,2
005047,GE,2019-09-30,2019-10-30,-0.15,-1.08,2019,3
005047,GE,2019-12-31,2020-01-29,0.08,0.06,2019,4
005047,GE,2020-03-31,2020-04-29,0.7,0.7,2020,1
005047,GE,2020-06-30,2020-07-29,-0.15,-0.26,2020,2
005047,GE,2020-09-30,2020-10-28,-0.13,-0.14,2020,3
005047,GE,2020-12-31,2021-01-26,0.24,0.26,2020,4
005047,GE,2021-03-31,2021-04-27,0.0,-0.33,2021,1
005047,GE,2021-06-30,2021-07-27,-0.07,-0.14,2021,2
005047,GE,2021-09-30,2021-10-26,0.54,1.08,2021,3
005047,GE,2021-12-31,2022-01-25,-3.24,-3.55,2021,4
005047,GE,2022-03-31,2022-04-26,-1.16,-1.08,2022,1
005047,GE,2022-06-30,2022-07-26,-1.12,-0.86,2022,2
005047,GE,2022-09-30,2022-10-25,-0.29,0.08,2022,3
005047,GE,2022-12-31,2023-01-24,1.55,1.9,2022,4
005047,GE,2023-03-31,2023-04-25,6.02,6.71,2023,1
005047,GE,2023-06-30,2023-07-25,1.1,-0.02,2023,2
005047,GE,2023-09-30,2023-10-24,0.2,0.24,2023,3
005047,GE,2023-12-31,2024-01-23,1.09,1.44,2023,4
005047,GE,2024-03-31,2024-04-23,1.59,1.4,2024,1
005047,GE,2024-06-30,2024-07-23,1.21,1.15,2024,2
005047,GE,2024-09-30,2024-10-22,1.57,1.7,2024,3
005047,GE,2024-12-31,2025-01-23,1.77,1.75,2024,4
005047,GE,2025-03-31,2025-04-22,1.84,1.83,2025,1
005047,GE,2025-06-30,2025-07-17,1.89,1.89,2025,2
005047,GE,2025-09-30,2025-10-21,2.06,2.02,2025,3
005047,GE,2025-12-31,2026-01-22,2.33,2.4,2025,4
160329,GOOGL,2014-03-31,2014-04-16,10.61,9.84,2014,1
160329,GOOGL,2014-06-30,2014-07-17,5.06,4.88,2014,2
160329,GOOGL,2014-09-30,2014-10-16,4.32,3.98,2014,3
160329,GOOGL,2014-12-31,2015-01-29,5.46,6.79,2014,4
160329,GOOGL,2015-03-31,2015-04-23,5.16,5.1,2015,1
160329,GOOGL,2015-06-30,2015-07-16,4.99,4.93,2015,2
160329,GOOGL,2015-09-30,2015-10-22,5.8,5.73,2015,3
160329,GOOGL,2015-12-31,2016-02-01,7.16,7.06,2015,4
160329,GOOGL,2016-03-31,2016-04-21,6.12,6.02,2016,1
160329,GOOGL,2016-06-30,2016-07-28,7.11,7.0,2016,2
160329,GOOGL,2016-09-30,2016-10-27,7.36,7.25,2016,3
160329,GOOGL,2016-12-31,2017-01-26,7.73,7.56,2016,4
160329,GOOGL,2017-03-31,2017-04-27,7.85,7.73,2017,1
160329,GOOGL,2017-06-30,2017-07-24,5.09,5.01,2017,2
160329,GOOGL,2017-09-30,2017-10-26,9.71,9.57,2017,3
160329,GOOGL,2017-12-31,2018-02-01,-4.35,-4.35,2017,4
160329,GOOGL,2018-03-31,2018-04-23,13.53,13.33,2018,1
160329,GOOGL,2018-06-30,2018-07-23,4.6,4.54,2018,2
160329,GOOGL,2018-09-30,2018-10-25,13.21,13.06,2018,3
160329,GOOGL,2018-12-31,2019-02-04,12.87,12.77,2018,4
160329,GOOGL,2019-03-31,2019-04-29,9.58,9.5,2019,1
160329,GOOGL,2019-06-30,2019-07-25,14.33,14.21,2019,2
160329,GOOGL,2019-09-30,2019-10-28,10.2,10.12,2019,3
160329,GOOGL,2019-12-31,2020-02-03,15.49,15.35,2019,4
160329,GOOGL,2020-03-31,2020-04-28,9.96,9.87,2020,1
160329,GOOGL,2020-06-30,2020-07-30,10.21,10.13,2020,2
160329,GOOGL,2020-09-30,2020-10-29,16.55,16.4,2020,3
160329,GOOGL,2020-12-31,2021-02-02,22.54,22.3,2020,4
160329,GOOGL,2021-03-31,2021-04-27,26.63,26.29,2021,1
160329,GOOGL,2021-06-30,2021-07-27,27.69,27.26,2021,2
160329,GOOGL,2021-09-30,2021-10-26,28.44,27.99,2021,3
160329,GOOGL,2021-12-31,2022-02-01,31.15,30.69,2021,4
160329,GOOGL,2022-03-31,2022-04-26,24.9,24.62,2022,1
160329,GOOGL,2022-06-30,2022-07-26,24.4,24.2,2022,2
160329,GOOGL,2022-09-30,2022-10-25,1.07,1.06,2022,3
160329,GOOGL,2022-12-31,2023-02-02,1.06,1.05,2022,4
160329,GOOGL,2023-03-31,2023-04-25,1.18,1.17,2023,1
160329,GOOGL,2023-06-30,2023-07-25,1.45,1.44,2023,2
160329,GOOGL,2023-09-30,2023-10-24,1.56,1.55,2023,3
160329,GOOGL,2023-12-31,2024-01-30,1.66,1.64,2023,4
160329,GOOGL,2024-03-31,2024-04-25,1.91,1.89,2024,1
160329,GOOGL,2024-06-30,2024-07-23,1.91,1.89,2024,2
160329,GOOGL,2024-09-30,2024-10-29,2.14,2.12,2024,3
160329,GOOGL,2024-12-31,2025-02-04,2.17,2.15,2024,4
160329,GOOGL,2025-03-31,2025-04-24,2.84,2.81,2025,1
160329,GOOGL,2025-06-30,2025-07-23,2.33,2.31,2025,2
160329,GOOGL,2025-09-30,2025-10-29,2.89,2.87,2025,3
160329,GOOGL,2025-12-31,2026-02-04,2.85,2.82,2025,4
114628,GS,2014-03-31,2014-04-17,4.15,4.02,2014,1
114628,GS,2014-06-30,2014-07-15,4.21,4.1,2014,2
114628,GS,2014-09-30,2014-10-16,4.69,4.57,2014,3
114628,GS,2014-12-31,2015-01-16,4.5,4.38,2014,4
114628,GS,2015-03-31,2015-04-16,6.05,5.94,2015,1
114628,GS,2015-06-30,2015-07-16,2.01,1.98,2015,2
114628,GS,2015-09-30,2015-10-15,2.95,2.9,2015,3
114628,GS,2015-12-31,2016-01-20,1.28,1.27,2015,4
114628,GS,2016-03-31,2016-04-19,2.71,2.68,2016,1
114628,GS,2016-06-30,2016-07-19,3.77,3.72,2016,2
114628,GS,2016-09-30,2016-10-18,4.96,4.88,2016,3
114628,GS,2016-12-31,2017-01-18,5.17,5.08,2016,4
114628,GS,2017-03-31,2017-04-18,5.23,5.15,2017,1
114628,GS,2017-06-30,2017-07-18,4.0,3.95,2017,2
114628,GS,2017-09-30,2017-10-17,5.09,5.02,2017,3
114628,GS,2017-12-31,2018-01-17,-5.51,-5.51,2017,4
114628,GS,2018-03-31,2018-04-17,7.02,6.95,2018,1
114628,GS,2018-06-30,2018-07-17,6.04,5.98,2018,2
114628,GS,2018-09-30,2018-10-16,6.35,6.28,2018,3
114628,GS,2018-12-31,2019-01-16,6.11,6.04,2018,4
114628,GS,2019-03-31,2019-04-15,5.73,5.71,2019,1
114628,GS,2019-06-30,2019-07-16,5.86,5.81,2019,2
114628,GS,2019-09-30,2019-10-15,4.83,4.79,2019,3
114628,GS,2019-12-31,2020-01-15,4.74,4.69,2019,4
114628,GS,2020-03-31,2020-04-15,3.12,3.11,2020,1
114628,GS,2020-06-30,2020-07-15,0.53,0.53,2020,2
114628,GS,2020-09-30,2020-10-14,9.07,8.98,2020,3
114628,GS,2020-12-31,2021-01-19,12.23,12.08,2020,4
114628,GS,2021-03-31,2021-04-14,18.8,18.6,2021,1
114628,GS,2021-06-30,2021-07-13,15.22,15.02,2021,2
114628,GS,2021-09-30,2021-10-15,15.14,14.93,2021,3
114628,GS,2021-12-31,2022-01-18,10.96,10.81,2021,4
114628,GS,2022-03-31,2022-04-14,10.87,10.76,2022,1
114628,GS,2022-06-30,2022-07-18,7.81,7.73,2022,2
114628,GS,2022-09-30,2022-10-18,8.35,8.25,2022,3
114628,GS,2022-12-31,2023-01-17,3.35,3.32,2022,4
114628,GS,2023-03-31,2023-04-18,8.87,8.79,2023,1
114628,GS,2023-06-30,2023-07-19,3.09,3.08,2023,2
114628,GS,2023-09-30,2023-10-17,5.52,5.47,2023,3
114628,GS,2023-12-31,2024-01-16,5.52,5.48,2023,4
114628,GS,2024-03-31,2024-04-15,11.67,11.58,2024,1
114628,GS,2024-06-30,2024-07-15,8.73,8.62,2024,2
114628,GS,2024-09-30,2024-10-15,8.52,8.4,2024,3
114628,GS,2024-12-31,2025-01-15,12.13,11.95,2024,4
114628,GS,2025-03-31,2025-04-14,14.25,14.12,2025,1
114628,GS,2025-06-30,2025-07-16,11.03,10.91,2025,2
114628,GS,2025-09-30,2025-10-14,12.42,12.25,2025,3
114628,GS,2025-12-31,2026-01-15,14.21,14.01,2025,4
005680,HD,2014-01-31,2014-02-25,0.73,0.73,2013,4
005680,HD,2014-04-30,2014-05-20,1.01,1.0,2014,1
005680,HD,2014-07-31,2014-08-19,1.52,1.52,2014,2
005680,HD,2014-10-31,2014-11-18,1.16,1.15,2014,3
005680,HD,2015-01-31,2015-02-24,1.06,1.05,2014,4
005680,HD,2015-04-30,2015-05-19,1.22,1.21,2015,1
005680,HD,2015-07-31,2015-08-18,1.74,1.73,2015,2
005680,HD,2015-10-31,2015-11-17,1.36,1.35,2015,3
005680,HD,2016-01-31,2016-02-23,1.17,1.17,2015,4
005680,HD,2016-04-30,2016-05-17,1.45,1.44,2016,1
005680,HD,2016-07-31,2016-08-16,1.98,1.97,2016,2
005680,HD,2016-10-31,2016-11-15,1.61,1.6,2016,3
005680,HD,2017-01-31,2017-02-21,1.45,1.44,2016,4
005680,HD,2017-04-30,2017-05-16,1.68,1.67,2017,1
005680,HD,2017-07-31,2017-08-15,2.26,2.25,2017,2
005680,HD,2017-10-31,2017-11-14,1.85,1.84,2017,3
005680,HD,2018-01-31,2018-02-20,1.53,1.52,2017,4
005680,HD,2018-04-30,2018-05-15,2.09,2.08,2018,1
005680,HD,2018-07-31,2018-08-14,3.06,3.05,2018,2
005680,HD,2018-10-31,2018-11-13,2.53,2.51,2018,3
005680,HD,2019-01-31,2019-02-26,2.1,2.09,2018,4
005680,HD,2019-04-30,2019-05-21,2.28,2.27,2019,1
005680,HD,2019-07-31,2019-08-20,3.18,3.17,2019,2
005680,HD,2019-10-31,2019-11-19,2.54,2.53,2019,3
005680,HD,2020-01-31,2020-02-25,2.29,2.28,2019,4
005680,HD,2020-04-30,2020-05-19,2.09,2.08,2020,1
005680,HD,2020-07-31,2020-08-18,4.04,4.02,2020,2
005680,HD,2020-10-31,2020-11-17,3.2,3.18,2020,3
005680,HD,2021-01-31,2021-02-23,2.66,2.65,2020,4
005680,HD,2021-04-30,2021-05-18,3.87,3.86,2021,1
005680,HD,2021-07-31,2021-08-17,4.54,4.53,2021,2
005680,HD,2021-10-31,2021-11-16,3.94,3.92,2021,3
005680,HD,2022-01-31,2022-02-22,3.23,3.21,2021,4
005680,HD,2022-04-30,2022-05-17,4.11,4.09,2022,1
005680,HD,2022-07-31,2022-08-16,5.06,5.05,2022,2
005680,HD,2022-10-31,2022-11-15,4.25,4.24,2022,3
005680,HD,2023-01-31,2023-02-21,3.31,3.3,2022,4
005680,HD,2023-04-30,2023-05-16,3.83,3.82,2023,1
005680,HD,2023-07-31,2023-08-15,4.66,4.65,2023,2
005680,HD,2023-10-31,2023-11-14,3.83,3.81,2023,3
005680,HD,2024-01-31,2024-02-20,2.83,2.82,2023,4
005680,HD,2024-04-30,2024-05-14,3.64,3.63,2024,1
005680,HD,2024-07-31,2024-08-13,4.61,4.6,2024,2
005680,HD,2024-10-31,2024-11-12,3.68,3.67,2024,3
005680,HD,2025-01-31,2025-02-25,3.02,3.02,2024,4
005680,HD,2025-04-30,2025-05-20,3.46,3.45,2025,1
005680,HD,2025-07-31,2025-08-19,4.59,4.58,2025,2
005680,HD,2025-10-31,2025-11-18,3.63,3.62,2025,3
005680,HD,2026-01-31,2026-02-24,2.59,2.58,2025,4
001300,HON,2014-03-31,2014-04-17,1.3,1.28,2014,1
001300,HON,2014-06-30,2014-07-18,1.4,1.38,2014,2
001300,HON,2014-09-30,2014-10-17,1.49,1.47,2014,3
001300,HON,2014-12-31,2015-01-23,1.22,1.2,2014,4
001300,HON,2015-03-31,2015-04-17,1.42,1.41,2015,1
001300,HON,2015-06-30,2015-07-17,1.52,1.51,2015,2
001300,HON,2015-09-30,2015-10-16,1.62,1.6,2015,3
001300,HON,2015-12-31,2016-01-29,1.55,1.53,2015,4
001300,HON,2016-03-31,2016-04-22,1.58,1.56,2016,1
001300,HON,2016-06-30,2016-07-22,1.73,1.71,2016,2
001300,HON,2016-09-30,2016-10-21,1.62,1.6,2016,3
001300,HON,2016-12-31,2017-01-27,1.36,1.34,2016,4
001300,HON,2017-03-31,2017-04-21,1.74,1.71,2017,1
001300,HON,2017-06-30,2017-07-21,1.82,1.8,2017,2
001300,HON,2017-09-30,2017-10-20,1.76,1.74,2017,3
001300,HON,2017-12-31,2018-01-26,-3.32,-3.32,2017,4
001300,HON,2018-03-31,2018-04-20,1.92,1.89,2018,1
001300,HON,2018-06-30,2018-07-20,1.7,1.68,2018,2
001300,HON,2018-09-30,2018-10-19,3.15,3.11,2018,3
001300,HON,2018-12-31,2019-02-01,2.34,2.31,2018,4
001300,HON,2019-03-31,2019-04-18,1.94,1.92,2019,1
001300,HON,2019-06-30,2019-07-18,2.13,2.1,2019,2
001300,HON,2019-09-30,2019-10-17,2.26,2.23,2019,3
001300,HON,2019-12-31,2020-01-31,2.19,2.16,2019,4
001300,HON,2020-03-31,2020-05-01,2.23,2.21,2020,1
001300,HON,2020-06-30,2020-07-24,1.54,1.53,2020,2
001300,HON,2020-09-30,2020-10-30,1.08,1.07,2020,3
001300,HON,2020-12-31,2021-01-29,1.94,1.91,2020,4
001300,HON,2021-03-31,2021-04-23,2.05,2.03,2021,1
001300,HON,2021-06-30,2021-07-23,2.06,2.04,2021,2
001300,HON,2021-09-30,2021-10-22,1.82,1.8,2021,3
001300,HON,2021-12-31,2022-02-03,2.07,2.05,2021,4
001300,HON,2022-03-31,2022-04-29,1.66,1.64,2022,1
001300,HON,2022-06-30,2022-07-28,1.86,1.84,2022,2
001300,HON,2022-09-30,2022-10-27,2.3,2.28,2022,3
001300,HON,2022-12-31,2023-02-02,1.52,1.51,2022,4
001300,HON,2023-03-31,2023-04-27,2.09,2.07,2023,1
001300,HON,2023-06-30,2023-07-27,2.24,2.22,2023,2
001300,HON,2023-09-30,2023-10-26,2.29,2.27,2023,3
001300,HON,2023-12-31,2024-02-01,1.92,1.91,2023,4
001300,HON,2024-03-31,2024-04-25,2.24,2.23,2024,1
001300,HON,2024-06-30,2024-07-25,2.37,2.36,2024,2
001300,HON,2024-09-30,2024-10-24,2.17,2.16,2024,3
001300,HON,2024-12-31,2025-02-06,1.98,1.96,2024,4
001300,HON,2025-03-31,2025-04-29,2.24,2.22,2025,1
001300,HON,2025-06-30,2025-07-24,2.46,2.45,2025,2
001300,HON,2025-09-30,2025-10-23,2.87,2.86,2025,3
001300,HON,2025-12-31,2026-01-29,-0.6,-0.18,2025,4
006066,IBM,2014-03-31,2014-04-16,2.44,2.29,2014,1
006066,IBM,2014-06-30,2014-07-17,4.25,4.12,2014,2
006066,IBM,2014-09-30,2014-10-20,3.48,0.02,2014,3
006066,IBM,2014-12-31,2015-01-20,5.57,5.51,2014,4
006066,IBM,2015-03-31,2015-04-20,2.45,2.36,2015,1
006066,IBM,2015-06-30,2015-07-20,3.59,3.5,2015,2
006066,IBM,2015-09-30,2015-10-19,3.04,3.01,2015,3
006066,IBM,2015-12-31,2016-01-19,4.6,4.59,2015,4
006066,IBM,2016-03-31,2016-04-18,2.09,2.09,2016,1
006066,IBM,2016-06-30,2016-07-18,2.62,2.61,2016,2
006066,IBM,2016-09-30,2016-10-17,2.99,2.98,2016,3
006066,IBM,2016-12-31,2017-01-19,4.75,4.72,2016,4
006066,IBM,2017-03-31,2017-04-18,1.86,1.85,2017,1
006066,IBM,2017-06-30,2017-07-18,2.49,2.48,2017,2
006066,IBM,2017-09-30,2017-10-17,2.93,2.92,2017,3
006066,IBM,2017-12-31,2018-01-18,-1.14,-1.14,2017,4
006066,IBM,2018-03-31,2018-04-17,1.82,1.81,2018,1
006066,IBM,2018-06-30,2018-07-18,2.63,2.61,2018,2
006066,IBM,2018-09-30,2018-10-16,2.95,2.94,2018,3
006066,IBM,2018-12-31,2019-01-22,2.17,2.15,2018,4
006066,IBM,2019-03-31,2019-04-16,1.79,1.78,2019,1
006066,IBM,2019-06-30,2019-07-17,2.82,2.81,2019,2
006066,IBM,2019-09-30,2019-10-16,1.89,1.87,2019,3
006066,IBM,2019-12-31,2020-01-21,4.14,4.11,2019,4
006066,IBM,2020-03-31,2020-04-20,1.32,1.31,2020,1
006066,IBM,2020-06-30,2020-07-20,1.53,1.52,2020,2
006066,IBM,2020-09-30,2020-10-19,1.9,1.89,2020,3
006066,IBM,2020-12-31,2021-01-21,1.42,1.51,2020,4
006066,IBM,2021-03-31,2021-04-19,0.45,1.06,2021,1
006066,IBM,2021-06-30,2021-07-19,0.91,1.47,2021,2
006066,IBM,2021-09-30,2021-10-20,1.16,1.25,2021,3
006066,IBM,2021-12-31,2022-01-24,2.74,2.57,2021,4
006066,IBM,2022-03-31,2022-04-19,0.74,0.81,2022,1
006066,IBM,2022-06-30,2022-07-18,1.62,1.53,2022,2
006066,IBM,2022-09-30,2022-10-19,-3.55,-3.54,2022,3
006066,IBM,2022-12-31,2023-01-25,3.17,2.96,2022,4
006066,IBM,2023-03-31,2023-04-19,1.03,1.01,2023,1
006066,IBM,2023-06-30,2023-07-19,1.74,1.72,2023,2
006066,IBM,2023-09-30,2023-10-25,1.88,1.84,2023,3
006066,IBM,2023-12-31,2024-01-24,3.59,3.55,2023,4
006066,IBM,2024-03-31,2024-04-24,1.72,1.72,2024,1
006066,IBM,2024-06-30,2024-07-24,1.99,1.96,2024,2
006066,IBM,2024-09-30,2024-10-23,-0.34,-0.36,2024,3
006066,IBM,2024-12-31,2025-01-29,3.16,3.09,2024,4
006066,IBM,2025-03-31,2025-04-23,1.14,1.12,2025,1
006066,IBM,2025-06-30,2025-07-23,2.36,2.31,2025,2
006066,IBM,2025-09-30,2025-10-22,1.87,1.84,2025,3
006066,IBM,2025-12-31,2026-01-28,5.96,5.88,2025,4
006266,JNJ,2014-03-31,2014-04-15,1.67,1.64,2014,1
006266,JNJ,2014-06-30,2014-07-15,1.53,1.51,2014,2
006266,JNJ,2014-09-30,2014-10-14,1.69,1.66,2014,3
006266,JNJ,2014-12-31,2015-01-20,0.9,0.89,2014,4
006266,JNJ,2015-03-31,2015-04-14,1.55,1.53,2015,1
006266,JNJ,2015-06-30,2015-07-14,1.63,1.61,2015,2
006266,JNJ,2015-09-30,2015-10-13,1.21,1.2,2015,3
006266,JNJ,2015-12-31,2016-01-26,1.16,1.15,2015,4
006266,JNJ,2016-03-31,2016-04-19,1.62,1.59,2016,1
006266,JNJ,2016-06-30,2016-07-19,1.46,1.43,2016,2
006266,JNJ,2016-09-30,2016-10-18,1.56,1.53,2016,3
006266,JNJ,2016-12-31,2017-01-24,1.4,1.38,2016,4
006266,JNJ,2017-03-31,2017-04-18,1.63,1.61,2017,1
006266,JNJ,2017-06-30,2017-07-18,1.42,1.4,2017,2
006266,JNJ,2017-09-30,2017-10-17,1.4,1.37,2017,3
006266,JNJ,2017-12-31,2018-01-23,-3.99,-3.99,2017,4
006266,JNJ,2018-03-31,2018-04-17,1.63,1.6,2018,1
006266,JNJ,2018-06-30,2018-07-17,1.47,1.45,2018,2
006266,JNJ,2018-09-30,2018-10-16,1.47,1.44,2018,3
006266,JNJ,2018-12-31,2019-01-22,1.13,1.12,2018,4
006266,JNJ,2019-03-31,2019-04-16,1.41,1.39,2019,1
006266,JNJ,2019-06-30,2019-07-16,2.11,2.08,2019,2
006266,JNJ,2019-09-30,2019-10-15,0.67,0.66,2019,3
006266,JNJ,2019-12-31,2020-01-22,1.52,1.5,2019,4
006266,JNJ,2020-03-31,2020-04-14,2.2,2.17,2020,1
006266,JNJ,2020-06-30,2020-07-16,1.38,1.36,2020,2
006266,JNJ,2020-09-30,2020-10-13,1.35,1.33,2020,3
006266,JNJ,2020-12-31,2021-01-26,0.66,0.65,2020,4
006266,JNJ,2021-03-31,2021-04-20,2.35,2.32,2021,1
006266,JNJ,2021-06-30,2021-07-21,2.38,2.35,2021,2
006266,JNJ,2021-09-30,2021-10-19,1.39,1.37,2021,3
006266,JNJ,2021-12-31,2022-01-25,1.8,1.77,2021,4
006266,JNJ,2022-03-31,2022-04-19,1.96,1.93,2022,1
006266,JNJ,2022-06-30,2022-07-19,1.4,1.8,2022,2
006266,JNJ,2022-09-30,2022-10-18,1.64,1.68,2022,3
006266,JNJ,2022-12-31,2023-01-24,1.24,1.33,2022,4
006266,JNJ,2023-03-31,2023-04-18,-0.19,-0.03,2023,1
006266,JNJ,2023-06-30,2023-07-20,2.07,1.96,2023,2
006266,JNJ,2023-09-30,2023-10-17,1.71,10.21,2023,3
006266,JNJ,2023-12-31,2024-01-23,1.71,1.67,2023,4
006266,JNJ,2024-03-31,2024-04-16,1.35,1.34,2024,1
006266,JNJ,2024-06-30,2024-07-17,1.95,1.93,2024,2
006266,JNJ,2024-09-30,2024-10-15,1.12,1.11,2024,3
006266,JNJ,2024-12-31,2025-01-22,1.42,1.41,2024,4
006266,JNJ,2025-03-31,2025-04-15,4.57,4.54,2025,1
006266,JNJ,2025-06-30,2025-07-16,2.3,2.29,2025,2
006266,JNJ,2025-09-30,2025-10-14,2.14,2.12,2025,3
006266,JNJ,2025-12-31,2026-01-21,2.12,2.1,2025,4
002968,JPM,2014-03-31,2014-04-11,1.29,1.28,2014,1
002968,JPM,2014-06-30,2014-07-15,1.47,1.46,2014,2
002968,JPM,2014-09-30,2014-10-14,1.37,1.35,2014,3
002968,JPM,2014-12-31,2015-01-14,1.2,1.19,2014,4
002968,JPM,2015-03-31,2015-04-14,1.46,1.45,2015,1
002968,JPM,2015-06-30,2015-07-14,1.56,1.54,2015,2
002968,JPM,2015-09-30,2015-10-13,1.7,1.68,2015,3
002968,JPM,2015-12-31,2016-01-14,1.34,1.32,2015,4
002968,JPM,2016-03-31,2016-04-13,1.36,1.35,2016,1
002968,JPM,2016-06-30,2016-07-14,1.56,1.55,2016,2
002968,JPM,2016-09-30,2016-10-14,1.6,1.58,2016,3
002968,JPM,2016-12-31,2017-01-13,1.73,1.71,2016,4
002968,JPM,2017-03-31,2017-04-13,1.66,1.65,2017,1
002968,JPM,2017-06-30,2017-07-14,1.83,1.82,2017,2
002968,JPM,2017-09-30,2017-10-12,1.77,1.76,2017,3
002968,JPM,2017-12-31,2018-01-12,1.08,1.07,2017,4
002968,JPM,2018-03-31,2018-04-13,2.38,2.37,2018,1
002968,JPM,2018-06-30,2018-07-13,2.31,2.29,2018,2
002968,JPM,2018-09-30,2018-10-12,2.35,2.34,2018,3
002968,JPM,2018-12-31,2019-01-15,1.99,1.98,2018,4
002968,JPM,2019-03-31,2019-04-12,2.65,2.65,2019,1
002968,JPM,2019-06-30,2019-07-16,2.83,2.82,2019,2
002968,JPM,2019-09-30,2019-10-15,2.69,2.68,2019,3
002968,JPM,2019-12-31,2020-01-14,2.58,2.57,2019,4
002968,JPM,2020-03-31,2020-04-14,0.79,0.78,2020,1
002968,JPM,2020-06-30,2020-07-14,1.39,1.38,2020,2
002968,JPM,2020-09-30,2020-10-13,2.93,2.92,2020,3
002968,JPM,2020-12-31,2021-01-15,3.8,3.79,2020,4
002968,JPM,2021-03-31,2021-04-14,4.51,4.5,2021,1
002968,JPM,2021-06-30,2021-07-13,3.79,3.78,2021,2
002968,JPM,2021-09-30,2021-10-13,3.74,3.74,2021,3
002968,JPM,2021-12-31,2022-01-14,3.33,3.33,2021,4
002968,JPM,2022-03-31,2022-04-13,2.64,2.63,2022,1
002968,JPM,2022-06-30,2022-07-14,2.77,2.76,2022,2
002968,JPM,2022-09-30,2022-10-14,3.13,3.12,2022,3
002968,JPM,2022-12-31,2023-01-13,3.58,3.57,2022,4
002968,JPM,2023-03-31,2023-04-14,4.11,4.1,2023,1
002968,JPM,2023-06-30,2023-07-14,4.76,4.75,2023,2
002968,JPM,2023-09-30,2023-10-13,4.33,4.33,2023,3
002968,JPM,2023-12-31,2024-01-12,3.04,3.04,2023,4
002968,JPM,2024-03-31,2024-04-12,4.45,4.44,2024,1
002968,JPM,2024-06-30,2024-07-12,6.13,6.12,2024,2
002968,JPM,2024-09-30,2024-10-11,4.38,4.37,2024,3
002968,JPM,2024-12-31,2025-01-15,4.82,4.81,2024,4
002968,JPM,2025-03-31,2025-04-11,5.08,5.07,2025,1
002968,JPM,2025-06-30,2025-07-15,5.25,5.24,2025,2
002968,JPM,2025-09-30,2025-10-14,5.08,5.07,2025,3
002968,JPM,2025-12-31,2026-01-13,4.64,4.63,2025,4
003144,KO,2014-03-31,2014-04-15,0.37,0.36,2014,1
003144,KO,2014-06-30,2014-07-22,0.59,0.58,2014,2
003144,KO,2014-09-30,2014-10-21,0.48,0.48,2014,3
003144,KO,2014-12-31,2015-02-10,0.18,0.17,2014,4
003144,KO,2015-03-31,2015-04-22,0.36,0.35,2015,1
003144,KO,2015-06-30,2015-07-22,0.71,0.71,2015,2
003144,KO,2015-09-30,2015-10-21,0.33,0.33,2015,3
003144,KO,2015-12-31,2016-02-09,0.29,0.28,2015,4
003144,KO,2016-03-31,2016-04-20,0.34,0.34,2016,1
003144,KO,2016-06-30,2016-07-27,0.8,0.79,2016,2
003144,KO,2016-09-30,2016-10-26,0.24,0.24,2016,3
003144,KO,2016-12-31,2017-02-09,0.13,0.13,2016,4
003144,KO,2017-03-31,2017-04-25,0.28,0.27,2017,1
003144,KO,2017-06-30,2017-07-26,0.32,0.32,2017,2
003144,KO,2017-09-30,2017-10-25,0.34,0.33,2017,3
003144,KO,2017-12-31,2018-02-16,-0.66,-0.65,2017,4
003144,KO,2018-03-31,2018-04-24,0.32,0.32,2018,1
003144,KO,2018-06-30,2018-07-25,0.54,0.54,2018,2
003144,KO,2018-09-30,2018-10-30,0.44,0.44,2018,3
003144,KO,2018-12-31,2019-02-14,0.2,0.2,2018,4
003144,KO,2019-03-31,2019-04-23,0.39,0.39,2019,1
003144,KO,2019-06-30,2019-07-23,0.61,0.61,2019,2
003144,KO,2019-09-30,2019-10-18,0.61,0.6,2019,3
003144,KO,2019-12-31,2020-01-30,0.48,0.47,2019,4
003144,KO,2020-03-31,2020-04-21,0.65,0.64,2020,1
003144,KO,2020-06-30,2020-07-21,0.41,0.41,2020,2
003144,KO,2020-09-30,2020-10-22,0.4,0.4,2020,3
003144,KO,2020-12-31,2021-02-10,0.34,0.34,2020,4
003144,KO,2021-03-31,2021-04-19,0.52,0.52,2021,1
003144,KO,2021-06-30,2021-07-21,0.61,0.61,2021,2
003144,KO,2021-09-30,2021-10-27,0.57,0.57,2021,3
003144,KO,2021-12-31,2022-02-10,0.56,0.56,2021,4
003144,KO,2022-03-31,2022-04-25,0.64,0.64,2022,1
003144,KO,2022-06-30,2022-07-26,0.44,0.44,2022,2
003144,KO,2022-09-30,2022-10-25,0.65,0.65,2022,3
003144,KO,2022-12-31,2023-02-14,0.47,0.47,2022,4
003144,KO,2023-03-31,2023-04-24,0.72,0.72,2023,1
003144,KO,2023-06-30,2023-07-26,0.59,0.59,2023,2
003144,KO,2023-09-30,2023-10-24,0.71,0.71,2023,3
003144,KO,2023-12-31,2024-02-13,0.46,0.46,2023,4
003144,KO,2024-03-31,2024-04-30,0.74,0.74,2024,1
003144,KO,2024-06-30,2024-07-23,0.56,0.56,2024,2
003144,KO,2024-09-30,2024-10-23,0.66,0.66,2024,3
003144,KO,2024-12-31,2025-02-11,0.51,0.51,2024,4
003144,KO,2025-03-31,2025-04-29,0.77,0.77,2025,1
003144,KO,2025-06-30,2025-07-22,0.89,0.88,2025,2
003144,KO,2025-09-30,2025-10-21,0.86,0.86,2025,3
003144,KO,2025-12-31,2026-02-10,0.53,0.53,2025,4
007154,MCD,2014-03-31,2014-04-22,1.22,1.21,2014,1
007154,MCD,2014-06-30,2014-07-22,1.4,1.4,2014,2
007154,MCD,2014-09-30,2014-10-21,1.09,1.09,2014,3
007154,MCD,2014-12-31,2015-01-23,1.14,1.13,2014,4
007154,MCD,2015-03-31,2015-04-22,0.84,0.84,2015,1
007154,MCD,2015-06-30,2015-07-23,1.26,1.26,2015,2
007154,MCD,2015-09-30,2015-10-22,1.41,1.4,2015,3
007154,MCD,2015-12-31,2016-01-25,1.32,1.31,2015,4
007154,MCD,2016-03-31,2016-04-22,1.27,1.25,2016,1
007154,MCD,2016-06-30,2016-07-26,1.27,1.25,2016,2
007154,MCD,2016-09-30,2016-10-21,1.52,1.5,2016,3
007154,MCD,2016-12-31,2017-01-23,1.45,1.44,2016,4
007154,MCD,2017-03-31,2017-04-25,1.48,1.47,2017,1
007154,MCD,2017-06-30,2017-07-25,1.72,1.7,2017,2
007154,MCD,2017-09-30,2017-10-24,2.34,2.32,2017,3
007154,MCD,2017-12-31,2018-01-30,0.88,0.87,2017,4
007154,MCD,2018-03-31,2018-04-30,1.74,1.72,2018,1
007154,MCD,2018-06-30,2018-07-26,1.92,1.9,2018,2
007154,MCD,2018-09-30,2018-10-23,2.12,2.1,2018,3
007154,MCD,2018-12-31,2019-01-30,1.84,1.82,2018,4
007154,MCD,2019-03-31,2019-04-30,1.74,1.72,2019,1
007154,MCD,2019-06-30,2019-07-26,1.99,1.97,2019,2
007154,MCD,2019-09-30,2019-10-22,2.13,2.11,2019,3
007154,MCD,2019-12-31,2020-01-29,2.1,2.08,2019,4
007154,MCD,2020-03-31,2020-04-30,1.49,1.47,2020,1
007154,MCD,2020-06-30,2020-07-28,0.65,0.65,2020,2
007154,MCD,2020-09-30,2020-11-09,2.37,2.35,2020,3
007154,MCD,2020-12-31,2021-01-28,1.85,1.84,2020,4
007154,MCD,2021-03-31,2021-04-29,2.06,2.05,2021,1
007154,MCD,2021-06-30,2021-07-28,2.97,2.95,2021,2
007154,MCD,2021-09-30,2021-10-27,2.88,2.86,2021,3
007154,MCD,2021-12-31,2022-01-27,2.2,2.18,2021,4
007154,MCD,2022-03-31,2022-04-28,1.49,1.48,2022,1
007154,MCD,2022-06-30,2022-07-26,1.61,1.6,2022,2
007154,MCD,2022-09-30,2022-10-27,2.7,2.68,2022,3
007154,MCD,2022-12-31,2023-01-31,2.6,2.59,2022,4
007154,MCD,2023-03-31,2023-04-25,2.47,2.45,2023,1
007154,MCD,2023-06-30,2023-07-27,3.17,3.15,2023,2
007154,MCD,2023-09-30,2023-10-30,3.19,3.17,2023,3
007154,MCD,2023-12-31,2024-02-05,2.81,2.8,2023,4
007154,MCD,2024-03-31,2024-04-30,2.67,2.66,2024,1
007154,MCD,2024-06-30,2024-07-29,2.81,2.8,2024,2
007154,MCD,2024-09-30,2024-10-29,3.15,3.13,2024,3
007154,MCD,2024-12-31,2025-02-10,2.82,2.8,2024,4
007154,MCD,2025-03-31,2025-05-01,2.61,2.6,2025,1
007154,MCD,2025-06-30,2025-08-06,3.15,3.14,2025,2
007154,MCD,2025-09-30,2025-11-05,3.2,3.18,2025,3
007154,MCD,2025-12-31,2026-02-11,3.04,3.03,2025,4
170617,META,2014-03-31,2014-04-23,0.25,0.25,2014,1
170617,META,2014-06-30,2014-07-23,0.31,0.3,2014,2
170617,META,2014-09-30,2014-10-28,0.31,0.3,2014,3
170617,META,2014-12-31,2015-01-28,0.25,0.25,2014,4
170617,META,2015-03-31,2015-04-22,0.18,0.18,2015,1
170617,META,2015-06-30,2015-07-29,0.26,0.25,2015,2
170617,META,2015-09-30,2015-11-04,0.32,0.31,2015,3
170617,META,2015-12-31,2016-01-27,0.55,0.54,2015,4
170617,META,2016-03-31,2016-04-27,0.61,0.6,2016,1
170617,META,2016-06-30,2016-07-27,0.8,0.78,2016,2
170617,META,2016-09-30,2016-11-02,0.91,0.9,2016,3
170617,META,2016-12-31,2017-02-01,1.24,1.21,2016,4
170617,META,2017-03-31,2017-05-03,1.06,1.04,2017,1
170617,META,2017-06-30,2017-07-26,1.34,1.32,2017,2
170617,META,2017-09-30,2017-11-01,1.62,1.59,2017,3
170617,META,2017-12-31,2018-01-31,1.47,1.44,2017,4
170617,META,2018-03-31,2018-04-25,1.72,1.69,2018,1
170617,META,2018-06-30,2018-07-25,1.76,1.74,2018,2
170617,META,2018-09-30,2018-10-30,1.78,1.76,2018,3
170617,META,2018-12-31,2019-01-30,2.4,2.38,2018,4
170617,META,2019-03-31,2019-04-24,0.85,0.85,2019,1
170617,META,2019-06-30,2019-07-24,0.92,0.91,2019,2
170617,META,2019-09-30,2019-10-30,2.13,2.12,2019,3
170617,META,2019-12-31,2020-01-29,2.58,2.56,2019,4
170617,META,2020-03-31,2020-04-29,1.72,1.71,2020,1
170617,META,2020-06-30,2020-07-30,1.82,1.8,2020,2
170617,META,2020-09-30,2020-10-29,2.75,2.71,2020,3
170617,META,2020-12-31,2021-01-27,3.94,3.88,2020,4
170617,META,2021-03-31,2021-04-28,3.34,3.3,2021,1
170617,META,2021-06-30,2021-07-28,3.67,3.61,2021,2
170617,META,2021-09-30,2021-10-25,3.27,3.22,2021,3
170617,META,2021-12-31,2022-02-02,3.72,3.67,2021,4
170617,META,2022-03-31,2022-04-27,2.74,2.72,2022,1
170617,META,2022-06-30,2022-07-27,2.47,2.46,2022,2
170617,META,2022-09-30,2022-10-26,1.64,1.64,2022,3
170617,META,2022-12-31,2023-02-01,1.76,1.76,2022,4
170617,META,2023-03-31,2023-04-26,2.21,2.2,2023,1
170617,META,2023-06-30,2023-07-26,3.03,2.98,2023,2
170617,META,2023-09-30,2023-10-25,4.5,4.39,2023,3
170617,META,2023-12-31,2024-02-01,5.46,5.33,2023,4
170617,META,2024-03-31,2024-04-24,4.86,4.71,2024,1
170617,META,2024-06-30,2024-07-31,5.31,5.16,2024,2
170617,META,2024-09-30,2024-10-30,6.2,6.03,2024,3
170617,META,2024-12-31,2025-01-29,8.24,8.02,2024,4
170617,META,2025-03-31,2025-04-30,6.59,6.43,2025,1
170617,META,2025-06-30,2025-07-30,7.28,7.14,2025,2
170617,META,2025-09-30,2025-10-29,1.08,1.05,2025,3
170617,META,2025-12-31,2026-01-28,9.02,8.88,2025,4
007435,MMM,2014-03-31,2014-04-24,1.83,1.79,2014,1
007435,MMM,2014-06-30,2014-07-24,1.94,1.91,2014,2
007435,MMM,2014-09-30,2014-10-23,2.02,1.98,2014,3
007435,MMM,2014-12-31,2015-01-27,1.85,1.81,2014,4
007435,MMM,2015-03-31,2015-04-23,1.88,1.85,2015,1
007435,MMM,2015-06-30,2015-07-23,2.06,2.02,2015,2
007435,MMM,2015-09-30,2015-10-22,2.09,2.05,2015,3
007435,MMM,2015-12-31,2016-01-26,1.69,1.66,2015,4
007435,MMM,2016-03-31,2016-04-26,2.1,2.05,2016,1
007435,MMM,2016-06-30,2016-07-26,2.13,2.08,2016,2
007435,MMM,2016-09-30,2016-10-25,2.2,2.15,2016,3
007435,MMM,2016-12-31,2017-01-24,1.93,1.88,2016,4
007435,MMM,2017-03-31,2017-04-25,2.21,2.16,2017,1
007435,MMM,2017-06-30,2017-07-25,2.65,2.58,2017,2
007435,MMM,2017-09-30,2017-10-24,2.39,2.33,2017,3
007435,MMM,2017-12-31,2018-01-25,0.88,0.85,2017,4
007435,MMM,2018-03-31,2018-04-24,1.01,0.98,2018,1
007435,MMM,2018-06-30,2018-07-24,3.14,3.07,2018,2
007435,MMM,2018-09-30,2018-10-23,2.64,2.58,2018,3
007435,MMM,2018-12-31,2019-01-29,2.32,2.27,2018,4
007435,MMM,2019-03-31,2019-04-25,1.54,1.51,2019,1
007435,MMM,2019-06-30,2019-07-25,1.95,1.92,2019,2
007435,MMM,2019-09-30,2019-10-24,2.75,2.72,2019,3
007435,MMM,2019-12-31,2020-01-28,1.68,1.66,2019,4
007435,MMM,2020-03-31,2020-04-28,2.27,2.25,2020,1
007435,MMM,2020-06-30,2020-07-28,2.26,2.25,2020,2
007435,MMM,2020-09-30,2020-10-27,2.47,2.45,2020,3
007435,MMM,2020-12-31,2021-01-26,2.43,2.41,2020,4
007435,MMM,2021-03-31,2021-04-27,2.8,2.77,2021,1
007435,MMM,2021-06-30,2021-07-27,2.62,2.59,2021,2
007435,MMM,2021-09-30,2021-10-26,2.47,2.45,2021,3
007435,MMM,2021-12-31,2022-01-25,2.33,2.31,2021,4
007435,MMM,2022-03-31,2022-04-26,2.27,2.26,2022,1
007435,MMM,2022-06-30,2022-07-26,0.14,0.14,2022,2
007435,MMM,2022-09-30,2022-10-25,6.79,6.77,2022,3
007435,MMM,2022-12-31,2023-01-24,0.98,0.98,2022,4
007435,MMM,2023-03-31,2023-04-25,1.2,1.76,2023,1
007435,MMM,2023-06-30,2023-07-25,-12.94,-12.35,2023,2
007435,MMM,2023-09-30,2023-10-24,-4.56,-3.74,2023,3
007435,MMM,2023-12-31,2024-01-23,1.14,1.7,2023,4
007435,MMM,2024-03-31,2024-04-30,1.27,1.67,2024,1
007435,MMM,2024-06-30,2024-07-26,2.17,2.07,2024,2
007435,MMM,2024-09-30,2024-10-22,2.49,2.48,2024,3
007435,MMM,2024-12-31,2025-01-21,1.34,1.33,2024,4
007435,MMM,2025-03-31,2025-04-22,2.05,2.04,2025,1
007435,MMM,2025-06-30,2025-07-18,1.35,1.34,2025,2
007435,MMM,2025-09-30,2025-10-21,1.56,1.55,2025,3
007435,MMM,2025-12-31,2026-01-20,1.08,1.07,2025,4
007257,MRK,2014-03-31,2014-04-29,0.58,0.57,2014,1
007257,MRK,2014-06-30,2014-07-29,0.69,0.68,2014,2
007257,MRK,2014-09-30,2014-10-27,0.31,0.31,2014,3
007257,MRK,2014-12-31,2015-02-04,2.57,2.54,2014,4
007257,MRK,2015-03-31,2015-04-28,0.34,0.33,2015,1
007257,MRK,2015-06-30,2015-07-28,0.24,0.24,2015,2
007257,MRK,2015-09-30,2015-10-27,0.65,0.64,2015,3
007257,MRK,2015-12-31,2016-02-03,0.35,0.35,2015,4
007257,MRK,2016-03-31,2016-05-05,0.41,0.4,2016,1
007257,MRK,2016-06-30,2016-07-29,0.44,0.43,2016,2
007257,MRK,2016-09-30,2016-10-25,0.79,0.78,2016,3
007257,MRK,2016-12-31,2017-02-02,-0.22,-0.22,2016,4
007257,MRK,2017-03-31,2017-05-02,0.56,0.56,2017,1
007257,MRK,2017-06-30,2017-07-28,0.71,0.71,2017,2
007257,MRK,2017-09-30,2017-10-27,-0.02,-0.02,2017,3
007257,MRK,2017-12-31,2018-02-02,-0.39,-0.39,2017,4
007257,MRK,2018-03-31,2018-05-01,0.27,0.27,2018,1
007257,MRK,2018-06-30,2018-07-27,0.64,0.63,2018,2
007257,MRK,2018-09-30,2018-10-25,0.73,0.73,2018,3
007257,MRK,2018-12-31,2019-02-01,0.7,0.69,2018,4
007257,MRK,2019-03-31,2019-04-30,1.13,1.12,2019,1
007257,MRK,2019-06-30,2019-07-30,1.04,1.03,2019,2
007257,MRK,2019-09-30,2019-10-29,0.74,0.74,2019,3
007257,MRK,2019-12-31,2020-02-05,0.92,0.92,2019,4
007257,MRK,2020-03-31,2020-04-28,0.97,1.26,2020,1
007257,MRK,2020-06-30,2020-07-31,0.93,1.18,2020,2
007257,MRK,2020-09-30,2020-10-27,0.92,1.16,2020,3
007257,MRK,2020-12-31,2021-02-04,-1.03,-0.83,2020,4
007257,MRK,2021-03-31,2021-04-29,1.08,1.25,2021,1
007257,MRK,2021-06-30,2021-07-29,0.48,0.61,2021,2
007257,MRK,2021-09-30,2021-10-28,1.81,1.8,2021,3
007257,MRK,2021-12-31,2022-02-03,1.51,1.48,2021,4
007257,MRK,2022-03-31,2022-04-28,1.7,1.7,2022,1
007257,MRK,2022-06-30,2022-07-28,1.56,1.55,2022,2
007257,MRK,2022-09-30,2022-10-27,1.28,1.28,2022,3
007257,MRK,2022-12-31,2023-02-02,1.18,1.18,2022,4
007257,MRK,2023-03-31,2023-04-27,1.11,1.11,2023,1
007257,MRK,2023-06-30,2023-08-01,-2.35,-2.35,2023,2
007257,MRK,2023-09-30,2023-10-26,1.87,1.86,2023,3
007257,MRK,2023-12-31,2024-02-01,-0.48,-0.48,2023,4
007257,MRK,2024-03-31,2024-04-25,1.88,1.87,2024,1
007257,MRK,2024-06-30,2024-07-30,2.15,2.14,2024,2
007257,MRK,2024-09-30,2024-10-31,1.25,1.24,2024,3
007257,MRK,2024-12-31,2025-02-04,1.48,1.48,2024,4
007257,MRK,2025-03-31,2025-04-24,2.01,2.01,2025,1
007257,MRK,2025-06-30,2025-07-29,1.76,1.76,2025,2
007257,MRK,2025-09-30,2025-10-30,2.32,2.32,2025,3
007257,MRK,2025-12-31,2026-02-03,1.19,1.19,2025,4
012141,MSFT,2014-03-31,2014-04-24,0.68,0.68,2014,3
012141,MSFT,2014-06-30,2014-07-22,0.56,0.55,2014,4
012141,MSFT,2014-09-30,2014-10-23,0.55,0.54,2015,1
012141,MSFT,2014-12-31,2015-01-26,0.71,0.71,2015,2
012141,MSFT,2015-03-31,2015-04-23,0.61,0.61,2015,3
012141,MSFT,2015-06-30,2015-07-21,-0.4,-0.4,2015,4
012141,MSFT,2015-09-30,2015-10-22,0.61,0.61,2016,1
012141,MSFT,2015-12-31,2016-01-28,0.63,0.62,2016,2
012141,MSFT,2016-03-31,2016-04-21,0.48,0.47,2016,3
012141,MSFT,2016-06-30,2016-07-19,0.4,0.39,2016,4
012141,MSFT,2016-09-30,2016-10-20,0.73,0.72,2017,1
012141,MSFT,2016-12-31,2017-01-26,0.81,0.8,2017,2
012141,MSFT,2017-03-31,2017-04-27,0.71,0.7,2017,3
012141,MSFT,2017-06-30,2017-07-20,1.05,1.03,2017,4
012141,MSFT,2017-09-30,2017-10-26,0.85,0.84,2018,1
012141,MSFT,2017-12-31,2018-01-31,-0.82,-0.82,2018,2
012141,MSFT,2018-03-31,2018-04-26,0.96,0.95,2018,3
012141,MSFT,2018-06-30,2018-07-19,1.15,1.14,2018,4
012141,MSFT,2018-09-30,2018-10-24,1.15,1.14,2019,1
012141,MSFT,2018-12-31,2019-01-30,1.09,1.08,2019,2
012141,MSFT,2019-03-31,2019-04-24,1.15,1.14,2019,3
012141,MSFT,2019-06-30,2019-07-18,1.72,1.71,2019,4
012141,MSFT,2019-09-30,2019-10-23,1.4,1.38,2020,1
012141,MSFT,2019-12-31,2020-01-29,1.53,1.51,2020,2
012141,MSFT,2020-03-31,2020-04-29,1.41,1.4,2020,3
012141,MSFT,2020-06-30,2020-07-22,1.48,1.46,2020,4
012141,MSFT,2020-09-30,2020-10-27,1.84,1.82,2021,1
012141,MSFT,2020-12-31,2021-01-26,2.05,2.03,2021,2
012141,MSFT,2021-03-31,2021-04-27,2.05,2.03,2021,3
012141,MSFT,2021-06-30,2021-07-27,2.19,2.17,2021,4
012141,MSFT,2021-09-30,2021-10-26,2.73,2.71,2022,1
012141,MSFT,2021-12-31,2022-01-25,2.5,2.48,2022,2
012141,MSFT,2022-03-31,2022-04-26,2.23,2.22,2022,3
012141,MSFT,2022-06-30,2022-07-26,2.24,2.23,2022,4
012141,MSFT,2022-09-30,2022-10-25,2.35,2.35,2023,1
012141,MSFT,2022-12-31,2023-01-24,2.2,2.2,2023,2
012141,MSFT,2023-03-31,2023-04-25,2.46,2.45,2023,3
012141,MSFT,2023-06-30,2023-07-25,2.7,2.69,2023,4
012141,MSFT,2023-09-30,2023-10-24,3.0,2.99,2024,1
012141,MSFT,2023-12-31,2024-01-30,2.94,2.93,2024,2
012141,MSFT,2024-03-31,2024-04-25,2.95,2.94,2024,3
012141,MSFT,2024-06-30,2024-07-30,2.96,2.95,2024,4
012141,MSFT,2024-09-30,2024-10-30,3.32,3.3,2025,1
012141,MSFT,2024-12-31,2025-01-29,3.24,3.23,2025,2
012141,MSFT,2025-03-31,2025-04-30,3.47,3.46,2025,3
012141,MSFT,2025-06-30,2025-07-30,3.66,3.65,2025,4
012141,MSFT,2025-09-30,2025-10-29,3.73,3.72,2026,1
012141,MSFT,2025-12-31,2026-01-28,5.18,5.16,2026,2
147579,NFLX,2014-03-31,2014-04-21,0.89,0.86,2014,1
147579,NFLX,2014-06-30,2014-07-21,1.18,1.15,2014,2
147579,NFLX,2014-09-30,2014-10-15,0.99,0.96,2014,3
147579,NFLX,2014-12-31,2015-01-20,1.38,1.35,2014,4
147579,NFLX,2015-03-31,2015-04-15,0.39,0.38,2015,1
147579,NFLX,2015-06-30,2015-07-15,0.42,0.42,2015,2
147579,NFLX,2015-09-30,2015-10-14,0.07,0.07,2015,3
147579,NFLX,2015-12-31,2016-01-19,0.1,0.1,2015,4
147579,NFLX,2016-03-31,2016-04-18,0.06,0.06,2016,1
147579,NFLX,2016-06-30,2016-07-18,0.1,0.09,2016,2
147579,NFLX,2016-09-30,2016-10-17,0.12,0.12,2016,3
147579,NFLX,2016-12-31,2017-01-18,0.16,0.15,2016,4
147579,NFLX,2017-03-31,2017-04-17,0.41,0.4,2017,1
147579,NFLX,2017-06-30,2017-07-17,0.15,0.15,2017,2
147579,NFLX,2017-09-30,2017-10-16,0.3,0.29,2017,3
147579,NFLX,2017-12-31,2018-01-22,0.43,0.41,2017,4
147579,NFLX,2018-03-31,2018-04-16,0.67,0.64,2018,1
147579,NFLX,2018-06-30,2018-07-16,0.88,0.85,2018,2
147579,NFLX,2018-09-30,2018-10-16,0.92,0.89,2018,3
147579,NFLX,2018-12-31,2019-01-17,0.31,0.3,2018,4
147579,NFLX,2019-03-31,2019-04-16,0.79,0.76,2019,1
147579,NFLX,2019-06-30,2019-07-17,0.62,0.6,2019,2
147579,NFLX,2019-09-30,2019-10-16,1.52,1.47,2019,3
147579,NFLX,2019-12-31,2020-01-21,1.34,1.3,2019,4
147579,NFLX,2020-03-31,2020-04-21,1.61,1.57,2020,1
147579,NFLX,2020-06-30,2020-07-16,1.63,1.59,2020,2
147579,NFLX,2020-09-30,2020-10-20,1.79,1.74,2020,3
147579,NFLX,2020-12-31,2021-01-19,1.23,1.19,2020,4
147579,NFLX,2021-03-31,2021-04-20,3.85,3.75,2021,1
147579,NFLX,2021-06-30,2021-07-20,3.05,2.97,2021,2
147579,NFLX,2021-09-30,2021-10-19,3.27,3.19,2021,3
147579,NFLX,2021-12-31,2022-01-20,1.37,1.33,2021,4
147579,NFLX,2022-03-31,2022-04-19,3.6,3.53,2022,1
147579,NFLX,2022-06-30,2022-07-19,3.24,3.2,2022,2
147579,NFLX,2022-09-30,2022-10-18,3.14,3.1,2022,3
147579,NFLX,2022-12-31,2023-01-19,0.12,0.12,2022,4
147579,NFLX,2023-03-31,2023-04-18,2.93,2.88,2023,1
147579,NFLX,2023-06-30,2023-07-19,3.35,3.29,2023,2
147579,NFLX,2023-09-30,2023-10-18,3.8,3.73,2023,3
147579,NFLX,2023-12-31,2024-01-23,2.15,2.11,2023,4
147579,NFLX,2024-03-31,2024-04-18,5.4,5.28,2024,1
147579,NFLX,2024-06-30,2024-07-18,4.99,4.88,2024,2
147579,NFLX,2024-09-30,2024-10-17,5.52,5.4,2024,3
147579,NFLX,2024-12-31,2025-01-21,4.37,4.27,2024,4
147579,NFLX,2025-03-31,2025-04-17,6.76,6.61,2025,1
147579,NFLX,2025-06-30,2025-07-17,7.35,7.19,2025,2
147579,NFLX,2025-09-30,2025-10-21,6.0,5.87,2025,3
147579,NFLX,2025-12-31,2026-01-20,0.57,0.56,2025,4
007906,NKE,2014-02-28,2014-03-20,0.77,0.75,2013,3
007906,NKE,2014-05-31,2014-06-26,0.8,0.78,2013,4
007906,NKE,2014-08-31,2014-09-25,1.11,1.09,2014,1
007906,NKE,2014-11-30,2014-12-18,0.76,0.74,2014,2
007906,NKE,2015-02-28,2015-03-19,0.92,0.89,2014,3
007906,NKE,2015-05-31,2015-06-25,1.01,0.98,2014,4
007906,NKE,2015-08-31,2015-09-24,1.38,1.34,2015,1
007906,NKE,2015-11-30,2015-12-22,0.92,0.9,2015,2
007906,NKE,2016-02-29,2016-03-22,0.56,0.55,2015,3
007906,NKE,2016-05-31,2016-06-28,0.5,0.49,2015,4
007906,NKE,2016-08-31,2016-09-27,0.75,0.73,2016,1
007906,NKE,2016-11-30,2016-12-20,0.51,0.5,2016,2
007906,NKE,2017-02-28,2017-03-21,0.69,0.68,2016,3
007906,NKE,2017-05-31,2017-06-29,0.61,0.6,2016,4
007906,NKE,2017-08-31,2017-09-26,0.58,0.57,2017,1
007906,NKE,2017-11-30,2017-12-21,0.47,0.46,2017,2
007906,NKE,2018-02-28,2018-03-22,-0.57,-0.57,2017,3
007906,NKE,2018-05-31,2018-06-28,0.71,0.69,2017,4
007906,NKE,2018-08-31,2018-09-25,0.69,0.67,2018,1
007906,NKE,2018-11-30,2018-12-20,0.54,0.52,2018,2
007906,NKE,2019-02-28,2019-03-21,0.7,0.68,2018,3
007906,NKE,2019-05-31,2019-06-27,0.63,0.62,2018,4
007906,NKE,2019-08-31,2019-09-24,0.87,0.86,2019,1
007906,NKE,2019-11-30,2019-12-19,0.71,0.7,2019,2
007906,NKE,2020-02-29,2020-03-24,0.54,0.53,2019,3
007906,NKE,2020-05-31,2020-06-25,-0.51,-0.51,2019,4
007906,NKE,2020-08-31,2020-09-22,0.97,0.95,2020,1
007906,NKE,2020-11-30,2020-12-18,0.8,0.78,2020,2
007906,NKE,2021-02-28,2021-03-18,0.92,0.9,2020,3
007906,NKE,2021-05-31,2021-06-24,0.96,0.93,2020,4
007906,NKE,2021-08-31,2021-09-23,1.18,1.16,2021,1
007906,NKE,2021-11-30,2021-12-20,0.84,0.83,2021,2
007906,NKE,2022-02-28,2022-03-21,0.88,0.87,2021,3
007906,NKE,2022-05-31,2022-06-27,0.91,0.9,2021,4
007906,NKE,2022-08-31,2022-09-29,0.94,0.93,2022,1
007906,NKE,2022-11-30,2022-12-20,0.85,0.85,2022,2
007906,NKE,2023-02-28,2023-03-21,0.8,0.79,2022,3
007906,NKE,2023-05-31,2023-06-29,0.67,0.66,2022,4
007906,NKE,2023-08-31,2023-09-28,0.95,0.94,2023,1
007906,NKE,2023-11-30,2023-12-21,1.04,1.03,2023,2
007906,NKE,2024-02-29,2024-03-21,0.77,0.77,2023,3
007906,NKE,2024-05-31,2024-06-27,0.99,0.99,2023,4
007906,NKE,2024-08-31,2024-10-01,0.7,0.7,2024,1
007906,NKE,2024-11-30,2024-12-19,0.78,0.78,2024,2
007906,NKE,2025-02-28,2025-03-20,0.54,0.54,2024,3
007906,NKE,2025-05-31,2025-06-26,0.14,0.14,2024,4
007906,NKE,2025-08-31,2025-09-30,0.49,0.49,2025,1
007906,NKE,2025-11-30,2025-12-18,0.54,0.53,2025,2
117768,NVDA,2014-01-31,2014-02-12,0.26,0.25,2013,4
117768,NVDA,2014-04-30,2014-05-06,0.24,0.24,2014,1
117768,NVDA,2014-07-31,2014-08-07,0.23,0.22,2014,2
117768,NVDA,2014-10-31,2014-11-06,0.32,0.31,2014,3
117768,NVDA,2015-01-31,2015-02-11,0.35,0.35,2014,4
117768,NVDA,2015-04-30,2015-05-07,0.24,0.24,2015,1
117768,NVDA,2015-07-31,2015-08-06,0.05,0.05,2015,2
117768,NVDA,2015-10-31,2015-11-05,0.45,0.44,2015,3
117768,NVDA,2016-01-31,2016-02-17,0.38,0.35,2015,4
117768,NVDA,2016-04-30,2016-05-12,0.39,0.35,2016,1
117768,NVDA,2016-07-31,2016-08-11,0.49,0.41,2016,2
117768,NVDA,2016-10-31,2016-11-10,1.01,0.83,2016,3
117768,NVDA,2017-01-31,2017-02-09,1.18,0.99,2016,4
117768,NVDA,2017-04-30,2017-05-09,0.86,0.79,2017,1
117768,NVDA,2017-07-31,2017-08-10,0.98,0.92,2017,2
117768,NVDA,2017-10-31,2017-11-09,1.39,1.33,2017,3
117768,NVDA,2018-01-31,2018-02-08,1.84,1.78,2017,4
117768,NVDA,2018-04-30,2018-05-10,2.05,1.98,2018,1
117768,NVDA,2018-07-31,2018-08-16,1.81,1.76,2018,2
117768,NVDA,2018-10-31,2018-11-15,2.02,1.97,2018,3
117768,NVDA,2019-01-31,2019-02-14,0.93,0.92,2018,4
117768,NVDA,2019-04-30,2019-05-16,0.65,0.64,2019,1
117768,NVDA,2019-07-31,2019-08-15,0.91,0.9,2019,2
117768,NVDA,2019-10-31,2019-11-14,1.47,1.45,2019,3
117768,NVDA,2020-01-31,2020-02-13,1.55,1.53,2019,4
117768,NVDA,2020-04-30,2020-05-21,1.49,1.47,2020,1
117768,NVDA,2020-07-31,2020-08-19,1.01,0.99,2020,2
117768,NVDA,2020-10-31,2020-11-18,2.16,2.12,2020,3
117768,NVDA,2021-01-31,2021-02-24,2.35,2.31,2020,4
117768,NVDA,2021-04-30,2021-05-26,3.08,3.03,2021,1
117768,NVDA,2021-07-31,2021-08-18,0.95,0.94,2021,2
117768,NVDA,2021-10-31,2021-11-17,0.99,0.97,2021,3
117768,NVDA,2022-01-31,2022-02-16,1.2,1.18,2021,4
117768,NVDA,2022-04-30,2022-05-25,0.65,0.64,2022,1
117768,NVDA,2022-07-31,2022-08-24,0.26,0.26,2022,2
117768,NVDA,2022-10-31,2022-11-16,0.27,0.27,2022,3
117768,NVDA,2023-01-31,2023-02-22,0.57,0.57,2022,4
117768,NVDA,2023-04-30,2023-05-24,0.83,0.82,2023,1
117768,NVDA,2023-07-31,2023-08-23,2.5,2.48,2023,2
117768,NVDA,2023-10-31,2023-11-21,3.75,3.71,2023,3
117768,NVDA,2024-01-31,2024-02-21,4.98,4.93,2023,4
117768,NVDA,2024-04-30,2024-05-22,6.04,5.98,2024,1
117768,NVDA,2024-07-31,2024-08-28,0.68,0.67,2024,2
117768,NVDA,2024-10-31,2024-11-20,0.79,0.78,2024,3
117768,NVDA,2025-01-31,2025-02-26,0.9,0.89,2024,4
117768,NVDA,2025-04-30,2025-05-28,0.77,0.76,2025,1
117768,NVDA,2025-07-31,2025-08-27,1.08,1.08,2025,2
117768,NVDA,2025-10-31,2025-11-19,1.31,1.3,2025,3
117768,NVDA,2026-01-31,2026-02-25,1.77,1.76,2025,4
012142,ORCL,2014-02-28,2014-03-18,0.57,0.56,2013,3
012142,ORCL,2014-05-31,2014-06-19,0.81,0.8,2013,4
012142,ORCL,2014-08-31,2014-09-18,0.49,0.48,2014,1
012142,ORCL,2014-11-30,2014-12-17,0.57,0.56,2014,2
012142,ORCL,2015-02-28,2015-03-17,0.57,0.56,2014,3
012142,ORCL,2015-05-31,2015-06-17,0.63,0.62,2014,4
012142,ORCL,2015-08-31,2015-09-16,0.4,0.4,2015,1
012142,ORCL,2015-11-30,2015-12-16,0.52,0.51,2015,2
012142,ORCL,2016-02-29,2016-03-15,0.51,0.5,2015,3
012142,ORCL,2016-05-31,2016-06-16,0.68,0.66,2015,4
012142,ORCL,2016-08-31,2016-09-15,0.44,0.43,2016,1
012142,ORCL,2016-11-30,2016-12-15,0.5,0.48,2016,2
012142,ORCL,2017-02-28,2017-03-15,0.55,0.53,2016,3
012142,ORCL,2017-05-31,2017-06-21,0.78,0.76,2016,4
012142,ORCL,2017-08-31,2017-09-14,0.52,0.5,2017,1
012142,ORCL,2017-11-30,2017-12-14,0.53,0.52,2017,2
012142,ORCL,2018-02-28,2018-03-19,-0.98,-0.98,2017,3
012142,ORCL,2018-05-31,2018-06-19,0.81,0.79,2017,4
012142,ORCL,2018-08-31,2018-09-17,0.58,0.57,2018,1
012142,ORCL,2018-11-30,2018-12-17,0.63,0.61,2018,2
012142,ORCL,2019-02-28,2019-03-14,0.78,0.76,2018,3
012142,ORCL,2019-05-31,2019-06-19,1.1,1.07,2018,4
012142,ORCL,2019-08-31,2019-09-11,0.64,0.63,2019,1
012142,ORCL,2019-11-30,2019-12-12,0.71,0.69,2019,2
012142,ORCL,2020-02-29,2020-03-12,0.81,0.79,2019,3
012142,ORCL,2020-05-31,2020-06-16,1.01,0.99,2019,4
012142,ORCL,2020-08-31,2020-09-10,0.74,0.72,2020,1
012142,ORCL,2020-11-30,2020-12-10,0.82,0.8,2020,2
012142,ORCL,2021-02-28,2021-03-10,1.72,1.68,2020,3
012142,ORCL,2021-05-31,2021-06-15,1.42,1.37,2020,4
012142,ORCL,2021-08-31,2021-09-13,0.89,0.86,2021,1
012142,ORCL,2021-11-30,2021-12-09,-0.46,-0.46,2021,2
012142,ORCL,2022-02-28,2022-03-10,0.87,0.84,2021,3
012142,ORCL,2022-05-31,2022-06-13,1.2,1.16,2021,4
012142,ORCL,2022-08-31,2022-09-12,0.58,0.56,2022,1
012142,ORCL,2022-11-30,2022-12-12,0.65,0.63,2022,2
012142,ORCL,2023-02-28,2023-03-09,0.7,0.68,2022,3
012142,ORCL,2023-05-31,2023-06-12,1.23,1.19,2022,4
012142,ORCL,2023-08-31,2023-09-11,0.89,0.86,2023,1
012142,ORCL,2023-11-30,2023-12-11,0.91,0.89,2023,2
012142,ORCL,2024-02-29,2024-03-11,0.87,0.85,2023,3
012142,ORCL,2024-05-31,2024-06-11,1.14,1.11,2023,4
012142,ORCL,2024-08-31,2024-09-09,1.06,1.03,2024,1
012142,ORCL,2024-11-30,2024-12-09,1.13,1.1,2024,2
012142,ORCL,2025-02-28,2025-03-10,1.05,1.02,2024,3
012142,ORCL,2025-05-31,2025-06-11,1.22,1.19,2024,4
012142,ORCL,2025-08-31,2025-09-09,1.04,1.01,2025,1
012142,ORCL,2025-11-30,2025-12-10,2.14,2.1,2025,2
012142,ORCL,2026-02-28,2026-03-10,1.29,1.27,2025,3
008762,PG,2014-03-31,2014-04-23,0.9,0.9,2014,3
008762,PG,2014-06-30,2014-08-01,0.91,0.89,2014,4
008762,PG,2014-09-30,2014-10-24,0.97,0.69,2015,1
008762,PG,2014-12-31,2015-01-27,0.95,0.82,2015,2
008762,PG,2015-03-31,2015-04-23,0.85,0.75,2015,3
008762,PG,2015-06-30,2015-07-30,0.15,0.17,2015,4
008762,PG,2015-09-30,2015-10-23,0.98,0.91,2016,1
008762,PG,2015-12-31,2016-01-26,1.04,1.12,2016,2
008762,PG,2016-03-31,2016-04-26,0.83,0.97,2016,3
008762,PG,2016-06-30,2016-08-02,0.73,0.69,2016,4
008762,PG,2016-09-30,2016-10-25,1.03,0.96,2017,1
008762,PG,2016-12-31,2017-01-20,0.96,2.88,2017,2
008762,PG,2017-03-31,2017-04-26,0.96,0.93,2017,3
008762,PG,2017-06-30,2017-07-27,0.84,0.82,2017,4
008762,PG,2017-09-30,2017-10-20,1.09,1.06,2018,1
008762,PG,2017-12-31,2018-01-23,0.96,0.93,2018,2
008762,PG,2018-03-31,2018-04-19,0.97,0.95,2018,3
008762,PG,2018-06-30,2018-07-31,0.73,0.72,2018,4
008762,PG,2018-09-30,2018-10-19,1.26,1.22,2019,1
008762,PG,2018-12-31,2019-01-23,1.25,1.22,2019,2
008762,PG,2019-03-31,2019-04-23,1.07,1.04,2019,3
008762,PG,2019-06-30,2019-07-30,-2.12,-2.12,2019,4
008762,PG,2019-09-30,2019-10-22,1.41,1.36,2020,1
008762,PG,2019-12-31,2020-01-23,1.47,1.41,2020,2
008762,PG,2020-03-31,2020-04-17,1.15,1.12,2020,3
008762,PG,2020-06-30,2020-07-30,1.1,1.07,2020,4
008762,PG,2020-09-30,2020-10-20,1.69,1.63,2021,1
008762,PG,2020-12-31,2021-01-20,1.53,1.47,2021,2
008762,PG,2021-03-31,2021-04-20,1.3,1.26,2021,3
008762,PG,2021-06-30,2021-07-30,1.16,1.13,2021,4
008762,PG,2021-09-30,2021-10-19,1.66,1.61,2022,1
008762,PG,2021-12-31,2022-01-19,1.72,1.66,2022,2
008762,PG,2022-03-31,2022-04-20,1.37,1.33,2022,3
008762,PG,2022-06-30,2022-07-29,1.24,1.21,2022,4
008762,PG,2022-09-30,2022-10-19,1.62,1.57,2023,1
008762,PG,2022-12-31,2023-01-19,1.63,1.59,2023,2
008762,PG,2023-03-31,2023-04-21,1.41,1.37,2023,3
008762,PG,2023-06-30,2023-07-28,1.4,1.37,2023,4
008762,PG,2023-09-30,2023-10-18,1.89,1.83,2024,1
008762,PG,2023-12-31,2024-01-23,1.44,1.4,2024,2
008762,PG,2024-03-31,2024-04-19,1.56,1.52,2024,3
008762,PG,2024-06-30,2024-07-30,1.3,1.27,2024,4
008762,PG,2024-09-30,2024-10-18,1.65,1.61,2025,1
008762,PG,2024-12-31,2025-01-22,1.94,1.88,2025,2
008762,PG,2025-03-31,2025-04-24,1.58,1.54,2025,3
008762,PG,2025-06-30,2025-07-29,1.51,1.48,2025,4
008762,PG,2025-09-30,2025-10-24,2.0,1.95,2026,1
008762,PG,2025-12-31,2026-01-22,1.82,1.78,2026,2
179621,PM,2014-03-31,2014-04-17,1.18,1.18,2014,1
179621,PM,2014-06-30,2014-07-17,1.17,1.17,2014,2
179621,PM,2014-09-30,2014-10-16,1.38,1.38,2014,3
179621,PM,2014-12-31,2015-02-05,1.03,1.03,2014,4
179621,PM,2015-03-31,2015-04-16,1.16,1.16,2015,1
179621,PM,2015-06-30,2015-07-16,1.21,1.21,2015,2
179621,PM,2015-09-30,2015-10-15,1.25,1.25,2015,3
179621,PM,2015-12-31,2016-02-04,0.8,0.8,2015,4
179621,PM,2016-03-31,2016-04-19,0.98,0.98,2016,1
179621,PM,2016-06-30,2016-07-19,1.15,1.15,2016,2
179621,PM,2016-09-30,2016-10-18,1.25,1.25,2016,3
179621,PM,2016-12-31,2017-02-02,1.1,1.1,2016,4
179621,PM,2017-03-31,2017-04-20,1.02,1.02,2017,1
179621,PM,2017-06-30,2017-07-20,1.14,1.14,2017,2
179621,PM,2017-09-30,2017-10-19,1.27,1.27,2017,3
179621,PM,2017-12-31,2018-02-08,0.44,0.44,2017,4
179621,PM,2018-03-31,2018-04-19,1.0,1.0,2018,1
179621,PM,2018-06-30,2018-07-19,1.41,1.41,2018,2
179621,PM,2018-09-30,2018-10-18,1.44,1.44,2018,3
179621,PM,2018-12-31,2019-02-07,1.23,1.23,2018,4
179621,PM,2019-03-31,2019-04-18,0.87,0.87,2019,1
179621,PM,2019-06-30,2019-07-18,1.49,1.49,2019,2
179621,PM,2019-09-30,2019-10-17,1.22,1.22,2019,3
179621,PM,2019-12-31,2020-02-06,1.04,1.04,2019,4
179621,PM,2020-03-31,2020-04-21,1.17,1.17,2020,1
179621,PM,2020-06-30,2020-07-21,1.25,1.25,2020,2
179621,PM,2020-09-30,2020-10-20,1.48,1.48,2020,3
179621,PM,2020-12-31,2021-02-04,1.27,1.27,2020,4
179621,PM,2021-03-31,2021-04-20,1.55,1.55,2021,1
179621,PM,2021-06-30,2021-07-20,1.39,1.39,2021,2
179621,PM,2021-09-30,2021-10-19,1.55,1.55,2021,3
179621,PM,2021-12-31,2022-02-10,1.34,1.34,2021,4
179621,PM,2022-03-31,2022-04-21,1.5,1.5,2022,1
179621,PM,2022-06-30,2022-07-21,1.44,1.43,2022,2
179621,PM,2022-09-30,2022-10-20,1.34,1.34,2022,3
179621,PM,2022-12-31,2023-02-09,1.54,1.54,2022,4
179621,PM,2023-03-31,2023-04-20,1.28,1.28,2023,1
179621,PM,2023-06-30,2023-07-20,1.01,1.01,2023,2
179621,PM,2023-09-30,2023-10-19,1.32,1.32,2023,3
179621,PM,2023-12-31,2024-02-08,1.41,1.41,2023,4
179621,PM,2024-03-31,2024-04-23,1.38,1.38,2024,1
179621,PM,2024-06-30,2024-07-23,1.54,1.54,2024,2
179621,PM,2024-09-30,2024-10-22,1.98,1.97,2024,3
179621,PM,2024-12-31,2025-02-06,-0.38,-0.38,2024,4
179621,PM,2025-03-31,2025-04-23,1.72,1.72,2025,1
179621,PM,2025-06-30,2025-07-22,1.95,1.95,2025,2
179621,PM,2025-09-30,2025-10-21,2.23,2.23,2025,3
179621,PM,2025-12-31,2026-02-06,1.37,1.37,2025,4
009667,SHW,2014-03-31,2014-04-17,1.16,1.14,2014,1
009667,SHW,2014-06-30,2014-07-17,3.0,2.94,2014,2
009667,SHW,2014-09-30,2014-10-28,3.42,3.35,2014,3
009667,SHW,2014-12-31,2015-01-29,1.4,1.37,2014,4
009667,SHW,2015-03-31,2015-04-16,1.42,1.38,2015,1
009667,SHW,2015-06-30,2015-07-16,3.79,3.7,2015,2
009667,SHW,2015-09-30,2015-10-29,4.06,3.97,2015,3
009667,SHW,2015-12-31,2016-01-28,2.16,2.11,2015,4
009667,SHW,2016-03-31,2016-04-21,1.8,1.75,2016,1
009667,SHW,2016-06-30,2016-07-21,4.12,3.99,2016,2
009667,SHW,2016-09-30,2016-10-25,4.2,4.08,2016,3
009667,SHW,2016-12-31,2017-01-26,2.2,2.15,2016,4
009667,SHW,2017-03-31,2017-04-20,2.58,2.53,2017,1
009667,SHW,2017-06-30,2017-07-20,3.89,3.36,2017,2
009667,SHW,2017-09-30,2017-10-24,3.4,3.33,2017,3
009667,SHW,2017-12-31,2018-01-25,9.15,8.92,2017,4
009667,SHW,2018-03-31,2018-04-24,2.68,2.62,2018,1
009667,SHW,2018-06-30,2018-07-24,4.34,4.25,2018,2
009667,SHW,2018-09-30,2018-10-25,3.8,3.72,2018,3
009667,SHW,2018-12-31,2019-01-31,1.09,1.07,2018,4
009667,SHW,2019-03-31,2019-04-23,2.67,2.62,2019,1
009667,SHW,2019-06-30,2019-07-23,5.13,5.03,2019,2
009667,SHW,2019-09-30,2019-10-22,6.28,6.16,2019,3
009667,SHW,2019-12-31,2020-01-30,2.71,2.66,2019,4
009667,SHW,2020-03-31,2020-04-29,3.53,3.46,2020,1
009667,SHW,2020-06-30,2020-07-28,6.59,6.48,2020,2
009667,SHW,2020-09-30,2020-10-27,7.8,7.66,2020,3
009667,SHW,2020-12-31,2021-01-28,4.54,4.46,2020,4
009667,SHW,2021-03-31,2021-04-27,4.62,4.54,2021,1
009667,SHW,2021-06-30,2021-07-27,2.47,2.42,2021,2
009667,SHW,2021-09-30,2021-10-26,1.92,1.88,2021,3
009667,SHW,2021-12-31,2022-01-27,1.17,1.15,2021,4
009667,SHW,2022-03-31,2022-04-26,1.43,1.41,2022,1
009667,SHW,2022-06-30,2022-07-27,2.24,2.21,2022,2
009667,SHW,2022-09-30,2022-10-25,2.66,2.62,2022,3
009667,SHW,2022-12-31,2023-01-26,1.5,1.48,2022,4
009667,SHW,2023-03-31,2023-04-25,1.86,1.84,2023,1
009667,SHW,2023-06-30,2023-07-25,3.1,3.07,2023,2
009667,SHW,2023-09-30,2023-10-24,2.98,2.95,2023,3
009667,SHW,2023-12-31,2024-01-25,1.4,1.39,2023,4
009667,SHW,2024-03-31,2024-04-23,2.0,1.97,2024,1
009667,SHW,2024-06-30,2024-07-23,3.55,3.5,2024,2
009667,SHW,2024-09-30,2024-10-22,3.22,3.18,2024,3
009667,SHW,2024-12-31,2025-01-30,1.92,1.9,2024,4
009667,SHW,2025-03-31,2025-04-29,2.02,2.0,2025,1
009667,SHW,2025-06-30,2025-07-22,3.04,3.0,2025,2
009667,SHW,2025-09-30,2025-10-28,3.38,3.35,2025,3
009667,SHW,2025-12-31,2026-01-29,1.94,1.92,2025,4
062689,TRV,2014-03-31,2014-04-22,2.98,2.95,2014,1
062689,TRV,2014-06-30,2014-07-22,1.98,1.95,2014,2
062689,TRV,2014-09-30,2014-10-21,2.72,2.69,2014,3
062689,TRV,2014-12-31,2015-01-22,3.15,3.11,2014,4
062689,TRV,2015-03-31,2015-04-21,2.58,2.55,2015,1
062689,TRV,2015-06-30,2015-07-21,2.56,2.53,2015,2
062689,TRV,2015-09-30,2015-10-20,3.0,2.97,2015,3
062689,TRV,2015-12-31,2016-01-21,2.87,2.83,2015,4
062689,TRV,2016-03-31,2016-04-21,2.33,2.3,2016,1
062689,TRV,2016-06-30,2016-07-21,2.27,2.24,2016,2
062689,TRV,2016-09-30,2016-10-20,2.48,2.45,2016,3
062689,TRV,2016-12-31,2017-01-24,3.32,3.28,2016,4
062689,TRV,2017-03-31,2017-04-20,2.19,2.17,2017,1
062689,TRV,2017-06-30,2017-07-20,2.13,2.11,2017,2
062689,TRV,2017-09-30,2017-10-19,1.06,1.05,2017,3
062689,TRV,2017-12-31,2018-01-23,2.0,1.98,2017,4
062689,TRV,2018-03-31,2018-04-24,2.45,2.42,2018,1
062689,TRV,2018-06-30,2018-07-19,1.93,1.92,2018,2
062689,TRV,2018-09-30,2018-10-18,2.65,2.62,2018,3
062689,TRV,2018-12-31,2019-01-22,2.33,2.32,2018,4
062689,TRV,2019-03-31,2019-04-18,3.01,2.99,2019,1
062689,TRV,2019-06-30,2019-07-23,2.11,2.1,2019,2
062689,TRV,2019-09-30,2019-10-22,1.52,1.5,2019,3
062689,TRV,2019-12-31,2020-01-23,3.37,3.35,2019,4
062689,TRV,2020-03-31,2020-04-21,2.34,2.33,2020,1
062689,TRV,2020-06-30,2020-07-23,-0.16,-0.16,2020,2
062689,TRV,2020-09-30,2020-10-20,3.24,3.23,2020,3
062689,TRV,2020-12-31,2021-01-21,5.13,5.1,2020,4
062689,TRV,2021-03-31,2021-04-20,2.89,2.87,2021,1
062689,TRV,2021-06-30,2021-07-20,3.7,3.66,2021,2
062689,TRV,2021-09-30,2021-10-19,2.65,2.62,2021,3
062689,TRV,2021-12-31,2022-01-20,5.43,5.37,2021,4
062689,TRV,2022-03-31,2022-04-19,4.2,4.15,2022,1
062689,TRV,2022-06-30,2022-07-21,2.29,2.27,2022,2
062689,TRV,2022-09-30,2022-10-19,1.91,1.89,2022,3
062689,TRV,2022-12-31,2023-01-24,3.49,3.44,2022,4
062689,TRV,2023-03-31,2023-04-19,4.18,4.13,2023,1
062689,TRV,2023-06-30,2023-07-20,-0.07,-0.07,2023,2
062689,TRV,2023-09-30,2023-10-18,1.75,1.74,2023,3
062689,TRV,2023-12-31,2024-01-19,7.07,6.99,2023,4
062689,TRV,2024-03-31,2024-04-17,4.87,4.8,2024,1
062689,TRV,2024-06-30,2024-07-19,2.32,2.29,2024,2
062689,TRV,2024-09-30,2024-10-17,5.5,5.42,2024,3
062689,TRV,2024-12-31,2025-01-22,9.11,8.96,2024,4
062689,TRV,2025-03-31,2025-04-16,1.73,1.7,2025,1
062689,TRV,2025-06-30,2025-07-17,6.63,6.53,2025,2
062689,TRV,2025-09-30,2025-10-16,8.37,8.24,2025,3
062689,TRV,2025-12-31,2026-01-21,11.24,11.06,2025,4
184996,TSLA,2014-03-31,2014-05-07,-0.4,-0.4,2014,1
184996,TSLA,2014-06-30,2014-07-31,-0.5,-0.5,2014,2
184996,TSLA,2014-09-30,2014-11-05,-0.6,-0.6,2014,3
184996,TSLA,2014-12-31,2015-02-11,-0.86,-0.86,2014,4
184996,TSLA,2015-03-31,2015-05-06,-1.22,-1.22,2015,1
184996,TSLA,2015-06-30,2015-08-05,-1.45,-1.45,2015,2
184996,TSLA,2015-09-30,2015-11-03,-1.78,-1.78,2015,3
184996,TSLA,2015-12-31,2016-02-10,-2.44,-2.44,2015,4
184996,TSLA,2016-03-31,2016-05-04,-2.13,-2.13,2016,1
184996,TSLA,2016-06-30,2016-08-03,-2.09,-2.09,2016,2
184996,TSLA,2016-09-30,2016-10-26,0.15,0.14,2016,3
184996,TSLA,2016-12-31,2017-02-22,-0.78,-0.78,2016,4
184996,TSLA,2017-03-31,2017-05-03,-2.04,-2.04,2017,1
184996,TSLA,2017-06-30,2017-08-02,-2.04,-2.04,2017,2
184996,TSLA,2017-09-30,2017-11-01,-3.7,-3.7,2017,3
184996,TSLA,2017-12-31,2018-02-07,-4.01,-4.01,2017,4
184996,TSLA,2018-03-31,2018-05-02,-4.19,-4.19,2018,1
184996,TSLA,2018-06-30,2018-08-01,-4.22,-4.22,2018,2
184996,TSLA,2018-09-30,2018-10-24,1.82,1.75,2018,3
184996,TSLA,2018-12-31,2019-01-30,0.81,0.78,2018,4
184996,TSLA,2019-03-31,2019-04-24,-4.1,-4.1,2019,1
184996,TSLA,2019-06-30,2019-07-24,-2.31,-2.31,2019,2
184996,TSLA,2019-09-30,2019-10-23,0.8,0.78,2019,3
184996,TSLA,2019-12-31,2020-01-29,0.58,0.56,2019,4
184996,TSLA,2020-03-31,2020-04-29,0.09,0.08,2020,1
184996,TSLA,2020-06-30,2020-07-22,0.56,0.5,2020,2
184996,TSLA,2020-09-30,2020-10-21,0.32,0.27,2020,3
184996,TSLA,2020-12-31,2021-01-27,0.28,0.24,2020,4
184996,TSLA,2021-03-31,2021-04-26,0.46,0.39,2021,1
184996,TSLA,2021-06-30,2021-07-26,1.18,1.02,2021,2
184996,TSLA,2021-09-30,2021-10-20,1.62,1.44,2021,3
184996,TSLA,2021-12-31,2022-01-26,2.29,2.05,2021,4
184996,TSLA,2022-03-31,2022-04-20,3.2,2.86,2022,1
184996,TSLA,2022-06-30,2022-07-20,2.18,1.95,2022,2
184996,TSLA,2022-09-30,2022-10-19,1.05,0.95,2022,3
184996,TSLA,2022-12-31,2023-01-25,1.18,1.07,2022,4
184996,TSLA,2023-03-31,2023-04-19,0.8,0.73,2023,1
184996,TSLA,2023-06-30,2023-07-19,0.85,0.78,2023,2
184996,TSLA,2023-09-30,2023-10-18,0.58,0.53,2023,3
184996,TSLA,2023-12-31,2024-01-24,2.49,2.27,2023,4
184996,TSLA,2024-03-31,2024-04-23,0.45,0.41,2024,1
184996,TSLA,2024-06-30,2024-07-23,0.44,0.4,2024,2
184996,TSLA,2024-09-30,2024-10-23,0.68,0.62,2024,3
184996,TSLA,2024-12-31,2025-01-29,0.66,0.6,2024,4
184996,TSLA,2025-03-31,2025-04-22,0.13,0.12,2025,1
184996,TSLA,2025-06-30,2025-07-23,0.36,0.33,2025,2
184996,TSLA,2025-09-30,2025-10-22,0.43,0.39,2025,3
184996,TSLA,2025-12-31,2026-01-28,0.26,0.24,2025,4
010903,UNH,2014-03-31,2014-04-17,1.12,1.1,2014,1
010903,UNH,2014-06-30,2014-07-17,1.44,1.42,2014,2
010903,UNH,2014-09-30,2014-10-16,1.65,1.63,2014,3
010903,UNH,2014-12-31,2015-01-21,1.58,1.55,2014,4
010903,UNH,2015-03-31,2015-04-16,1.48,1.46,2015,1
010903,UNH,2015-06-30,2015-07-16,1.66,1.64,2015,2
010903,UNH,2015-09-30,2015-10-15,1.68,1.65,2015,3
010903,UNH,2015-12-31,2016-01-19,1.28,1.26,2015,4
010903,UNH,2016-03-31,2016-04-19,1.69,1.67,2016,1
010903,UNH,2016-06-30,2016-07-19,1.84,1.81,2016,2
010903,UNH,2016-09-30,2016-10-18,2.07,2.03,2016,3
010903,UNH,2016-12-31,2017-01-17,1.77,1.74,2016,4
010903,UNH,2017-03-31,2017-04-18,2.28,2.23,2017,1
010903,UNH,2017-06-30,2017-07-18,2.37,2.32,2017,2
010903,UNH,2017-09-30,2017-10-17,2.57,2.51,2017,3
010903,UNH,2017-12-31,2018-01-16,3.73,3.65,2017,4
010903,UNH,2018-03-31,2018-04-17,2.94,2.87,2018,1
010903,UNH,2018-06-30,2018-07-17,3.04,2.98,2018,2
010903,UNH,2018-09-30,2018-10-16,3.31,3.24,2018,3
010903,UNH,2018-12-31,2019-01-15,3.16,3.1,2018,4
010903,UNH,2019-03-31,2019-04-16,3.62,3.56,2019,1
010903,UNH,2019-06-30,2019-07-18,3.47,3.42,2019,2
010903,UNH,2019-09-30,2019-10-15,3.73,3.67,2019,3
010903,UNH,2019-12-31,2020-01-15,3.74,3.68,2019,4
010903,UNH,2020-03-31,2020-04-15,3.56,3.52,2020,1
010903,UNH,2020-06-30,2020-07-15,6.99,6.91,2020,2
010903,UNH,2020-09-30,2020-10-14,3.34,3.3,2020,3
010903,UNH,2020-12-31,2021-01-20,2.33,2.3,2020,4
010903,UNH,2021-03-31,2021-04-15,5.14,5.08,2021,1
010903,UNH,2021-06-30,2021-07-15,4.52,4.46,2021,2
010903,UNH,2021-09-30,2021-10-14,4.33,4.28,2021,3
010903,UNH,2021-12-31,2022-01-19,4.33,4.26,2021,4
010903,UNH,2022-03-31,2022-04-14,5.34,5.27,2022,1
010903,UNH,2022-06-30,2022-07-15,5.41,5.34,2022,2
010903,UNH,2022-09-30,2022-10-14,5.63,5.55,2022,3
010903,UNH,2022-12-31,2023-01-13,5.1,5.03,2022,4
010903,UNH,2023-03-31,2023-04-14,6.01,5.95,2023,1
010903,UNH,2023-06-30,2023-07-14,5.89,5.82,2023,2
010903,UNH,2023-09-30,2023-10-13,6.31,6.24,2023,3
010903,UNH,2023-12-31,2024-01-12,5.92,5.83,2023,4
010903,UNH,2024-03-31,2024-04-16,-1.53,-1.53,2024,1
010903,UNH,2024-06-30,2024-07-16,4.58,4.54,2024,2
010903,UNH,2024-09-30,2024-10-15,6.56,6.51,2024,3
010903,UNH,2024-12-31,2025-01-16,6.03,5.98,2024,4
010903,UNH,2025-03-31,2025-04-17,6.9,6.85,2025,1
010903,UNH,2025-06-30,2025-07-29,3.76,3.74,2025,2
010903,UNH,2025-09-30,2025-10-28,2.59,2.59,2025,3
010903,UNH,2025-12-31,2026-01-27,0.01,0.01,2025,4
179534,V,2014-03-31,2014-04-24,2.53,2.52,2014,2
179534,V,2014-06-30,2014-07-24,2.17,2.17,2014,3
179534,V,2014-09-30,2014-10-29,1.73,1.72,2014,4
179534,V,2014-12-31,2015-01-29,2.54,2.53,2015,1
179534,V,2015-03-31,2015-04-30,0.63,0.63,2015,2
179534,V,2015-06-30,2015-07-23,0.69,0.69,2015,3
179534,V,2015-09-30,2015-11-02,0.62,0.62,2015,4
179534,V,2015-12-31,2016-01-28,0.8,0.8,2016,1
179534,V,2016-03-31,2016-04-21,0.71,0.71,2016,2
179534,V,2016-06-30,2016-07-21,0.17,0.17,2016,3
179534,V,2016-09-30,2016-10-24,0.8,0.79,2016,4
179534,V,2016-12-31,2017-02-02,0.86,0.86,2017,1
179534,V,2017-03-31,2017-04-20,0.18,0.18,2017,2
179534,V,2017-06-30,2017-07-20,0.86,0.86,2017,3
179534,V,2017-09-30,2017-10-25,0.91,0.9,2017,4
179534,V,2017-12-31,2018-02-01,1.07,1.07,2018,1
179534,V,2018-03-31,2018-04-25,1.12,1.11,2018,2
179534,V,2018-06-30,2018-07-25,1.0,1.0,2018,3
179534,V,2018-09-30,2018-10-24,1.23,1.23,2018,4
179534,V,2018-12-31,2019-01-30,1.3,1.3,2019,1
179534,V,2019-03-31,2019-04-24,1.31,1.31,2019,2
179534,V,2019-06-30,2019-07-23,1.37,1.37,2019,3
179534,V,2019-09-30,2019-10-24,1.34,1.34,2019,4
179534,V,2019-12-31,2020-01-30,1.46,1.46,2020,1
179534,V,2020-03-31,2020-04-30,1.39,1.38,2020,2
179534,V,2020-06-30,2020-07-28,1.07,1.07,2020,3
179534,V,2020-09-30,2020-10-28,0.97,0.97,2020,4
179534,V,2020-12-31,2021-01-28,1.42,1.42,2021,1
179534,V,2021-03-31,2021-04-27,1.38,1.38,2021,2
179534,V,2021-06-30,2021-07-27,1.18,1.18,2021,3
179534,V,2021-09-30,2021-10-26,1.65,1.65,2021,4
179534,V,2021-12-31,2022-01-27,1.84,1.83,2022,1
179534,V,2022-03-31,2022-04-26,1.7,1.7,2022,2
179534,V,2022-06-30,2022-07-26,1.6,1.6,2022,3
179534,V,2022-09-30,2022-10-25,1.86,1.86,2022,4
179534,V,2022-12-31,2023-01-26,1.99,1.99,2023,1
179534,V,2023-03-31,2023-04-25,2.04,2.03,2023,2
179534,V,2023-06-30,2023-07-25,2.0,2.0,2023,3
179534,V,2023-09-30,2023-10-24,2.27,2.27,2023,4
179534,V,2023-12-31,2024-01-25,2.39,2.39,2024,1
179534,V,2024-03-31,2024-04-23,2.29,2.29,2024,2
179534,V,2024-06-30,2024-07-23,2.4,2.4,2024,3
179534,V,2024-09-30,2024-10-29,2.66,2.66,2024,4
179534,V,2024-12-31,2025-01-30,2.58,2.58,2025,1
179534,V,2025-03-31,2025-04-29,2.32,2.32,2025,2
179534,V,2025-06-30,2025-07-29,2.69,2.69,2025,3
179534,V,2025-09-30,2025-10-28,2.62,2.62,2025,4
179534,V,2025-12-31,2026-01-29,3.03,3.03,2026,1
002136,VZ,2014-03-31,2014-04-24,1.15,1.15,2014,1
002136,VZ,2014-06-30,2014-07-22,1.02,1.01,2014,2
002136,VZ,2014-09-30,2014-10-21,0.89,0.89,2014,3
002136,VZ,2014-12-31,2015-01-22,-0.54,-0.54,2014,4
002136,VZ,2015-03-31,2015-04-21,1.03,1.02,2015,1
002136,VZ,2015-06-30,2015-07-21,1.04,1.04,2015,2
002136,VZ,2015-09-30,2015-10-20,0.99,0.99,2015,3
002136,VZ,2015-12-31,2016-01-21,1.32,1.32,2015,4
002136,VZ,2016-03-31,2016-04-21,1.06,1.06,2016,1
002136,VZ,2016-06-30,2016-07-26,0.17,0.17,2016,2
002136,VZ,2016-09-30,2016-10-20,0.89,0.89,2016,3
002136,VZ,2016-12-31,2017-01-24,1.1,1.1,2016,4
002136,VZ,2017-03-31,2017-04-20,0.85,0.84,2017,1
002136,VZ,2017-06-30,2017-07-27,1.07,1.07,2017,2
002136,VZ,2017-09-30,2017-10-19,0.89,0.89,2017,3
002136,VZ,2017-12-31,2018-01-23,4.57,4.56,2017,4
002136,VZ,2018-03-31,2018-04-24,1.11,1.11,2018,1
002136,VZ,2018-06-30,2018-07-24,1.0,1.0,2018,2
002136,VZ,2018-09-30,2018-10-23,1.19,1.19,2018,3
002136,VZ,2018-12-31,2019-01-29,0.47,0.47,2018,4
002136,VZ,2019-03-31,2019-04-23,1.22,1.22,2019,1
002136,VZ,2019-06-30,2019-08-01,0.95,0.95,2019,2
002136,VZ,2019-09-30,2019-10-25,1.26,1.25,2019,3
002136,VZ,2019-12-31,2020-01-30,1.23,1.23,2019,4
002136,VZ,2020-03-31,2020-04-24,1.0,1.0,2020,1
002136,VZ,2020-06-30,2020-07-24,1.14,1.13,2020,2
002136,VZ,2020-09-30,2020-10-21,1.05,1.05,2020,3
002136,VZ,2020-12-31,2021-01-26,1.11,1.11,2020,4
002136,VZ,2021-03-31,2021-04-21,1.27,1.27,2021,1
002136,VZ,2021-06-30,2021-07-21,1.4,1.4,2021,2
002136,VZ,2021-09-30,2021-10-20,1.55,1.55,2021,3
002136,VZ,2021-12-31,2022-01-25,1.11,1.11,2021,4
002136,VZ,2022-03-31,2022-04-22,1.09,1.09,2022,1
002136,VZ,2022-06-30,2022-07-22,1.24,1.24,2022,2
002136,VZ,2022-09-30,2022-10-21,1.17,1.17,2022,3
002136,VZ,2022-12-31,2023-01-24,1.56,1.56,2022,4
002136,VZ,2023-03-31,2023-04-25,1.17,1.17,2023,1
002136,VZ,2023-06-30,2023-07-25,1.1,1.1,2023,2
002136,VZ,2023-09-30,2023-10-24,1.13,1.13,2023,3
002136,VZ,2023-12-31,2024-01-23,-0.64,-0.64,2023,4
002136,VZ,2024-03-31,2024-04-22,1.09,1.09,2024,1
002136,VZ,2024-06-30,2024-07-22,1.09,1.09,2024,2
002136,VZ,2024-09-30,2024-10-22,0.78,0.78,2024,3
002136,VZ,2024-12-31,2025-01-24,1.19,1.18,2024,4
002136,VZ,2025-03-31,2025-04-22,1.16,1.15,2025,1
002136,VZ,2025-06-30,2025-07-21,1.18,1.18,2025,2
002136,VZ,2025-09-30,2025-10-29,1.17,1.17,2025,3
002136,VZ,2025-12-31,2026-01-30,0.55,0.55,2025,4
011259,WMT,2014-01-31,2014-02-20,1.34,1.36,2013,4
011259,WMT,2014-04-30,2014-05-15,1.1,1.11,2014,1
011259,WMT,2014-07-31,2014-08-14,1.22,1.26,2014,2
011259,WMT,2014-10-31,2014-11-13,1.15,1.15,2014,3
011259,WMT,2015-01-31,2015-02-19,1.54,1.53,2014,4
011259,WMT,2015-04-30,2015-05-19,1.03,1.03,2015,1
011259,WMT,2015-07-31,2015-08-18,1.08,1.08,2015,2
011259,WMT,2015-10-31,2015-11-17,1.03,1.03,2015,3
011259,WMT,2016-01-31,2016-02-18,1.44,1.43,2015,4
011259,WMT,2016-04-30,2016-05-19,0.98,0.98,2016,1
011259,WMT,2016-07-31,2016-08-18,1.21,1.21,2016,2
011259,WMT,2016-10-31,2016-11-17,0.98,0.98,2016,3
011259,WMT,2017-01-31,2017-02-21,1.23,1.22,2016,4
011259,WMT,2017-04-30,2017-05-18,1.0,1.0,2017,1
011259,WMT,2017-07-31,2017-08-17,0.96,0.96,2017,2
011259,WMT,2017-10-31,2017-11-16,0.59,0.58,2017,3
011259,WMT,2018-01-31,2018-02-20,0.74,0.73,2017,4
011259,WMT,2018-04-30,2018-05-17,0.72,0.72,2018,1
011259,WMT,2018-07-31,2018-08-16,-0.29,-0.29,2018,2
011259,WMT,2018-10-31,2018-11-15,0.58,0.58,2018,3
011259,WMT,2019-01-31,2019-02-19,1.27,1.27,2018,4
011259,WMT,2019-04-30,2019-05-16,1.34,1.33,2019,1
011259,WMT,2019-07-31,2019-08-15,1.27,1.26,2019,2
011259,WMT,2019-10-31,2019-11-14,1.16,1.15,2019,3
011259,WMT,2020-01-31,2020-02-18,1.46,1.45,2019,4
011259,WMT,2020-04-30,2020-05-19,1.41,1.4,2020,1
011259,WMT,2020-07-31,2020-08-18,2.29,2.27,2020,2
011259,WMT,2020-10-31,2020-11-17,1.81,1.8,2020,3
011259,WMT,2021-01-31,2021-02-18,-0.74,-0.74,2020,4
011259,WMT,2021-04-30,2021-05-18,0.97,0.97,2021,1
011259,WMT,2021-07-31,2021-08-17,1.53,1.52,2021,2
011259,WMT,2021-10-31,2021-11-16,1.11,1.11,2021,3
011259,WMT,2022-01-31,2022-02-17,1.29,1.28,2021,4
011259,WMT,2022-04-30,2022-05-17,0.75,0.74,2022,1
011259,WMT,2022-07-31,2022-08-16,1.88,1.88,2022,2
011259,WMT,2022-10-31,2022-11-15,-0.66,-0.66,2022,3
011259,WMT,2023-01-31,2023-02-21,2.33,2.32,2022,4
011259,WMT,2023-04-30,2023-05-18,0.62,0.62,2023,1
011259,WMT,2023-07-31,2023-08-17,2.93,2.92,2023,2
011259,WMT,2023-10-31,2023-11-16,0.17,0.17,2023,3
011259,WMT,2024-01-31,2024-02-20,2.04,2.03,2023,4
011259,WMT,2024-04-30,2024-05-16,0.63,0.63,2024,1
011259,WMT,2024-07-31,2024-08-15,0.56,0.56,2024,2
011259,WMT,2024-10-31,2024-11-19,0.57,0.57,2024,3
011259,WMT,2025-01-31,2025-02-20,0.65,0.65,2024,4
011259,WMT,2025-04-30,2025-05-15,0.56,0.56,2025,1
011259,WMT,2025-07-31,2025-08-21,0.88,0.88,2025,2
011259,WMT,2025-10-31,2025-11-20,0.77,0.77,2025,3
011259,WMT,2026-01-31,2026-02-19,0.53,0.53,2025,4
004503,XOM,2014-03-31,2014-05-01,2.1,2.1,2014,1
004503,XOM,2014-06-30,2014-07-31,2.05,2.05,2014,2
004503,XOM,2014-09-30,2014-10-31,1.89,1.89,2014,3
004503,XOM,2014-12-31,2015-02-02,1.56,1.56,2014,4
004503,XOM,2015-03-31,2015-04-30,1.17,1.17,2015,1
004503,XOM,2015-06-30,2015-07-31,1.0,1.0,2015,2
004503,XOM,2015-09-30,2015-10-30,1.01,1.01,2015,3
004503,XOM,2015-12-31,2016-02-02,0.67,0.67,2015,4
004503,XOM,2016-03-31,2016-04-29,0.43,0.43,2016,1
004503,XOM,2016-06-30,2016-07-29,0.41,0.41,2016,2
004503,XOM,2016-09-30,2016-10-28,0.63,0.63,2016,3
004503,XOM,2016-12-31,2017-01-31,0.41,0.41,2016,4
004503,XOM,2017-03-31,2017-04-28,0.95,0.95,2017,1
004503,XOM,2017-06-30,2017-07-28,0.78,0.78,2017,2
004503,XOM,2017-09-30,2017-10-27,0.93,0.93,2017,3
004503,XOM,2017-12-31,2018-02-02,1.97,1.97,2017,4
004503,XOM,2018-03-31,2018-04-27,1.09,1.09,2018,1
004503,XOM,2018-06-30,2018-07-27,0.92,0.92,2018,2
004503,XOM,2018-09-30,2018-11-02,1.46,1.46,2018,3
004503,XOM,2018-12-31,2019-02-01,1.41,1.41,2018,4
004503,XOM,2019-03-31,2019-04-26,0.55,0.55,2019,1
004503,XOM,2019-06-30,2019-08-02,0.73,0.73,2019,2
004503,XOM,2019-09-30,2019-11-01,0.75,0.75,2019,3
004503,XOM,2019-12-31,2020-01-31,1.33,1.33,2019,4
004503,XOM,2020-03-31,2020-05-01,-0.14,-0.14,2020,1
004503,XOM,2020-06-30,2020-07-31,-0.26,-0.26,2020,2
004503,XOM,2020-09-30,2020-10-30,-0.15,-0.15,2020,3
004503,XOM,2020-12-31,2021-02-02,-4.7,-4.7,2020,4
004503,XOM,2021-03-31,2021-04-30,0.64,0.64,2021,1
004503,XOM,2021-06-30,2021-07-30,1.1,1.1,2021,2
004503,XOM,2021-09-30,2021-10-29,1.57,1.57,2021,3
004503,XOM,2021-12-31,2022-02-01,2.08,2.08,2021,4
004503,XOM,2022-03-31,2022-04-29,1.28,1.28,2022,1
004503,XOM,2022-06-30,2022-07-29,4.21,4.21,2022,2
004503,XOM,2022-09-30,2022-10-28,4.68,4.68,2022,3
004503,XOM,2022-12-31,2023-01-31,3.09,3.09,2022,4
004503,XOM,2023-03-31,2023-04-28,2.79,2.79,2023,1
004503,XOM,2023-06-30,2023-07-28,1.94,1.94,2023,2
004503,XOM,2023-09-30,2023-10-27,2.25,2.25,2023,3
004503,XOM,2023-12-31,2024-02-02,1.91,1.91,2023,4
004503,XOM,2024-03-31,2024-04-26,2.06,2.06,2024,1
004503,XOM,2024-06-30,2024-08-02,2.14,2.14,2024,2
004503,XOM,2024-09-30,2024-11-01,1.92,1.92,2024,3
004503,XOM,2024-12-31,2025-01-31,1.72,1.72,2024,4
004503,XOM,2025-03-31,2025-05-02,1.76,1.76,2025,1
004503,XOM,2025-06-30,2025-08-01,1.64,1.64,2025,2
004503,XOM,2025-09-30,2025-10-31,1.76,1.76,2025,3
004503,XOM,2025-12-31,2026-01-30,1.53,1.53,2025,4
